"","typeSeason","slugSeason","idGame","dateGame","slugMatchup","slugTeamWinner","slugTeamLoser","numberGameDay"
"1","Regular Season","2021-22",22100001,2021-10-19,"MIL vs. BKN","MIL","BKN",1
"2","Regular Season","2021-22",22100002,2021-10-19,"LAL vs. GSW","GSW","LAL",2
"3","Regular Season","2021-22",22100003,2021-10-20,"CHA vs. IND","CHA","IND",1
"4","Regular Season","2021-22",22100004,2021-10-20,"DET vs. CHI","CHI","DET",2
"5","Regular Season","2021-22",22100005,2021-10-20,"NYK vs. BOS","NYK","BOS",3
"6","Regular Season","2021-22",22100006,2021-10-20,"TOR vs. WAS","WAS","TOR",4
"7","Regular Season","2021-22",22100007,2021-10-20,"MEM vs. CLE","MEM","CLE",5
"8","Regular Season","2021-22",22100008,2021-10-20,"MIN vs. HOU","MIN","HOU",6
"9","Regular Season","2021-22",22100009,2021-10-20,"PHI @ NOP","PHI","NOP",7
"10","Regular Season","2021-22",22100010,2021-10-20,"SAS vs. ORL","SAS","ORL",8
"11","Regular Season","2021-22",22100011,2021-10-20,"OKC @ UTA","UTA","OKC",9
"12","Regular Season","2021-22",22100012,2021-10-20,"DEN @ PHX","DEN","PHX",10
"13","Regular Season","2021-22",22100013,2021-10-20,"POR vs. SAC","SAC","POR",11
"14","Regular Season","2021-22",22100014,2021-10-21,"DAL @ ATL","ATL","DAL",1
"15","Regular Season","2021-22",22100015,2021-10-21,"MIA vs. MIL","MIA","MIL",2
"16","Regular Season","2021-22",22100016,2021-10-21,"LAC @ GSW","GSW","LAC",3
"17","Regular Season","2021-22",22100017,2021-10-22,"CLE vs. CHA","CHA","CLE",1
"18","Regular Season","2021-22",22100018,2021-10-22,"ORL vs. NYK","NYK","ORL",2
"19","Regular Season","2021-22",22100019,2021-10-22,"WAS vs. IND","WAS","IND",3
"20","Regular Season","2021-22",22100020,2021-10-22,"TOR @ BOS","TOR","BOS",4
"21","Regular Season","2021-22",22100021,2021-10-22,"BKN @ PHI","BKN","PHI",5
"22","Regular Season","2021-22",22100022,2021-10-22,"NOP @ CHI","CHI","NOP",6
"23","Regular Season","2021-22",22100023,2021-10-22,"HOU vs. OKC","HOU","OKC",7
"24","Regular Season","2021-22",22100024,2021-10-22,"SAS @ DEN","DEN","SAS",8
"25","Regular Season","2021-22",22100025,2021-10-22,"PHX @ LAL","PHX","LAL",9
"26","Regular Season","2021-22",22100026,2021-10-22,"UTA @ SAC","UTA","SAC",10
"27","Regular Season","2021-22",22100027,2021-10-23,"CLE vs. ATL","CLE","ATL",1
"28","Regular Season","2021-22",22100028,2021-10-23,"MIA @ IND","IND","MIA",2
"29","Regular Season","2021-22",22100029,2021-10-23,"TOR vs. DAL","DAL","TOR",3
"30","Regular Season","2021-22",22100030,2021-10-23,"CHI vs. DET","CHI","DET",4
"31","Regular Season","2021-22",22100031,2021-10-23,"MIN vs. NOP","MIN","NOP",5
"32","Regular Season","2021-22",22100032,2021-10-23,"SAS vs. MIL","MIL","SAS",6
"33","Regular Season","2021-22",22100033,2021-10-23,"PHX @ POR","POR","PHX",7
"34","Regular Season","2021-22",22100034,2021-10-23,"MEM @ LAC","MEM","LAC",8
"35","Regular Season","2021-22",22100035,2021-10-24,"BKN vs. CHA","CHA","BKN",1
"36","Regular Season","2021-22",22100036,2021-10-24,"ORL @ NYK","ORL","NYK",2
"37","Regular Season","2021-22",22100037,2021-10-24,"HOU vs. BOS","BOS","HOU",3
"38","Regular Season","2021-22",22100038,2021-10-24,"PHI @ OKC","PHI","OKC",4
"39","Regular Season","2021-22",22100039,2021-10-24,"SAC vs. GSW","GSW","SAC",5
"40","Regular Season","2021-22",22100040,2021-10-24,"LAL vs. MEM","LAL","MEM",6
"41","Regular Season","2021-22",22100041,2021-10-25,"BOS @ CHA","BOS","CHA",1
"42","Regular Season","2021-22",22100042,2021-10-25,"MIL @ IND","MIL","IND",2
"43","Regular Season","2021-22",22100043,2021-10-25,"DET @ ATL","ATL","DET",3
"44","Regular Season","2021-22",22100044,2021-10-25,"WAS @ BKN","BKN","WAS",4
"45","Regular Season","2021-22",22100045,2021-10-25,"ORL @ MIA","MIA","ORL",5
"46","Regular Season","2021-22",22100046,2021-10-25,"TOR vs. CHI","CHI","TOR",6
"47","Regular Season","2021-22",22100047,2021-10-25,"MIN vs. NOP","NOP","MIN",7
"48","Regular Season","2021-22",22100048,2021-10-25,"DEN vs. CLE","CLE","DEN",8
"49","Regular Season","2021-22",22100049,2021-10-25,"POR @ LAC","LAC","POR",9
"50","Regular Season","2021-22",22100050,2021-10-26,"PHI @ NYK","NYK","PHI",1
"51","Regular Season","2021-22",22100051,2021-10-26,"GSW @ OKC","GSW","OKC",2
"52","Regular Season","2021-22",22100052,2021-10-26,"DAL vs. HOU","DAL","HOU",3
"53","Regular Season","2021-22",22100053,2021-10-26,"SAS vs. LAL","LAL","SAS",4
"54","Regular Season","2021-22",22100054,2021-10-26,"DEN @ UTA","UTA","DEN",5
"55","Regular Season","2021-22",22100055,2021-10-27,"CHA @ ORL","CHA","ORL",1
"56","Regular Season","2021-22",22100056,2021-10-27,"BOS vs. WAS","WAS","BOS",2
"57","Regular Season","2021-22",22100057,2021-10-27,"MIA @ BKN","MIA","BKN",3
"58","Regular Season","2021-22",22100058,2021-10-27,"IND @ TOR","TOR","IND",4
"59","Regular Season","2021-22",22100059,2021-10-27,"ATL @ NOP","ATL","NOP",5
"60","Regular Season","2021-22",22100060,2021-10-27,"MIL vs. MIN","MIN","MIL",6
"61","Regular Season","2021-22",22100061,2021-10-27,"LAL @ OKC","OKC","LAL",7
"62","Regular Season","2021-22",22100062,2021-10-27,"SAC @ PHX","SAC","PHX",8
"63","Regular Season","2021-22",22100063,2021-10-27,"MEM @ POR","POR","MEM",9
"64","Regular Season","2021-22",22100064,2021-10-27,"CLE @ LAC","CLE","LAC",10
"65","Regular Season","2021-22",22100065,2021-10-28,"DET @ PHI","PHI","DET",1
"66","Regular Season","2021-22",22100066,2021-10-28,"WAS vs. ATL","WAS","ATL",2
"67","Regular Season","2021-22",22100067,2021-10-28,"NYK @ CHI","NYK","CHI",3
"68","Regular Season","2021-22",22100068,2021-10-28,"UTA @ HOU","UTA","HOU",4
"69","Regular Season","2021-22",22100069,2021-10-28,"SAS @ DAL","DAL","SAS",5
"70","Regular Season","2021-22",22100070,2021-10-28,"GSW vs. MEM","MEM","GSW",6
"71","Regular Season","2021-22",22100071,2021-10-29,"ORL @ TOR","TOR","ORL",1
"72","Regular Season","2021-22",22100072,2021-10-29,"BKN vs. IND","BKN","IND",2
"73","Regular Season","2021-22",22100073,2021-10-29,"CHA @ MIA","MIA","CHA",3
"74","Regular Season","2021-22",22100074,2021-10-29,"SAC @ NOP","SAC","NOP",4
"75","Regular Season","2021-22",22100075,2021-10-29,"DEN vs. DAL","DEN","DAL",5
"76","Regular Season","2021-22",22100076,2021-10-29,"POR vs. LAC","POR","LAC",6
"77","Regular Season","2021-22",22100077,2021-10-29,"CLE @ LAL","LAL","CLE",7
"78","Regular Season","2021-22",22100078,2021-10-30,"BOS @ WAS","WAS","BOS",1
"79","Regular Season","2021-22",22100079,2021-10-30,"DET vs. ORL","DET","ORL",2
"80","Regular Season","2021-22",22100080,2021-10-30,"NOP vs. NYK","NYK","NOP",3
"81","Regular Season","2021-22",22100081,2021-10-30,"IND vs. TOR","TOR","IND",4
"82","Regular Season","2021-22",22100082,2021-10-30,"ATL @ PHI","PHI","ATL",5
"83","Regular Season","2021-22",22100083,2021-10-30,"UTA @ CHI","CHI","UTA",6
"84","Regular Season","2021-22",22100084,2021-10-30,"MIA @ MEM","MIA","MEM",7
"85","Regular Season","2021-22",22100085,2021-10-30,"MIL vs. SAS","SAS","MIL",8
"86","Regular Season","2021-22",22100086,2021-10-30,"OKC @ GSW","GSW","OKC",9
"87","Regular Season","2021-22",22100087,2021-10-30,"DEN @ MIN","DEN","MIN",10
"88","Regular Season","2021-22",22100088,2021-10-30,"PHX vs. CLE","PHX","CLE",11
"89","Regular Season","2021-22",22100089,2021-10-31,"SAC @ DAL","DAL","SAC",1
"90","Regular Season","2021-22",22100090,2021-10-31,"CHA vs. POR","CHA","POR",2
"91","Regular Season","2021-22",22100091,2021-10-31,"MIL vs. UTA","UTA","MIL",3
"92","Regular Season","2021-22",22100092,2021-10-31,"BKN vs. DET","BKN","DET",4
"93","Regular Season","2021-22",22100093,2021-10-31,"LAL vs. HOU","LAL","HOU",5
"94","Regular Season","2021-22",22100094,2021-11-01,"CHA vs. CLE","CLE","CHA",1
"95","Regular Season","2021-22",22100095,2021-11-01,"IND vs. SAS","IND","SAS",2
"96","Regular Season","2021-22",22100096,2021-11-01,"POR @ PHI","PHI","POR",3
"97","Regular Season","2021-22",22100097,2021-11-01,"ATL vs. WAS","ATL","WAS",4
"98","Regular Season","2021-22",22100098,2021-11-01,"CHI @ BOS","CHI","BOS",5
"99","Regular Season","2021-22",22100099,2021-11-01,"NYK vs. TOR","TOR","NYK",6
"100","Regular Season","2021-22",22100100,2021-11-01,"MEM vs. DEN","MEM","DEN",7
"101","Regular Season","2021-22",22100101,2021-11-01,"MIN vs. ORL","ORL","MIN",8
"102","Regular Season","2021-22",22100102,2021-11-01,"OKC @ LAC","LAC","OKC",9
"103","Regular Season","2021-22",22100103,2021-11-02,"DET vs. MIL","MIL","DET",1
"104","Regular Season","2021-22",22100104,2021-11-02,"DAL vs. MIA","MIA","DAL",2
"105","Regular Season","2021-22",22100105,2021-11-02,"SAC @ UTA","UTA","SAC",3
"106","Regular Season","2021-22",22100106,2021-11-02,"NOP @ PHX","PHX","NOP",4
"107","Regular Season","2021-22",22100107,2021-11-02,"HOU @ LAL","LAL","HOU",5
"108","Regular Season","2021-22",22100108,2021-11-03,"POR @ CLE","CLE","POR",1
"109","Regular Season","2021-22",22100109,2021-11-03,"IND vs. NYK","IND","NYK",2
"110","Regular Season","2021-22",22100110,2021-11-03,"ORL vs. BOS","BOS","ORL",3
"111","Regular Season","2021-22",22100111,2021-11-03,"PHI vs. CHI","PHI","CHI",4
"112","Regular Season","2021-22",22100112,2021-11-03,"TOR @ WAS","TOR","WAS",5
"113","Regular Season","2021-22",22100113,2021-11-03,"BKN vs. ATL","BKN","ATL",6
"114","Regular Season","2021-22",22100114,2021-11-03,"MEM vs. DEN","MEM","DEN",7
"115","Regular Season","2021-22",22100115,2021-11-03,"MIN vs. LAC","LAC","MIN",8
"116","Regular Season","2021-22",22100116,2021-11-03,"SAS vs. DAL","DAL","SAS",9
"117","Regular Season","2021-22",22100117,2021-11-03,"GSW vs. CHA","GSW","CHA",10
"118","Regular Season","2021-22",22100118,2021-11-03,"SAC vs. NOP","SAC","NOP",11
"119","Regular Season","2021-22",22100119,2021-11-04,"PHI @ DET","PHI","DET",1
"120","Regular Season","2021-22",22100120,2021-11-04,"UTA @ ATL","UTA","ATL",2
"121","Regular Season","2021-22",22100121,2021-11-04,"BOS @ MIA","BOS","MIA",3
"122","Regular Season","2021-22",22100122,2021-11-04,"HOU @ PHX","PHX","HOU",4
"123","Regular Season","2021-22",22100123,2021-11-04,"OKC @ LAL","OKC","LAL",5
"124","Regular Season","2021-22",22100124,2021-11-05,"BKN @ DET","BKN","DET",1
"125","Regular Season","2021-22",22100125,2021-11-05,"SAS @ ORL","SAS","ORL",2
"126","Regular Season","2021-22",22100126,2021-11-05,"WAS vs. MEM","WAS","MEM",3
"127","Regular Season","2021-22",22100127,2021-11-05,"CLE @ TOR","CLE","TOR",4
"128","Regular Season","2021-22",22100128,2021-11-05,"NYK @ MIL","NYK","MIL",5
"129","Regular Season","2021-22",22100129,2021-11-05,"LAC @ MIN","LAC","MIN",6
"130","Regular Season","2021-22",22100130,2021-11-05,"GSW vs. NOP","GSW","NOP",7
"131","Regular Season","2021-22",22100131,2021-11-05,"IND @ POR","POR","IND",8
"132","Regular Season","2021-22",22100132,2021-11-05,"SAC vs. CHA","SAC","CHA",9
"133","Regular Season","2021-22",22100133,2021-11-06,"HOU @ DEN","DEN","HOU",1
"134","Regular Season","2021-22",22100134,2021-11-06,"UTA @ MIA","MIA","UTA",2
"135","Regular Season","2021-22",22100135,2021-11-06,"PHI @ CHI","PHI","CHI",3
"136","Regular Season","2021-22",22100136,2021-11-06,"DAL vs. BOS","DAL","BOS",4
"137","Regular Season","2021-22",22100137,2021-11-06,"ATL @ PHX","PHX","ATL",5
"138","Regular Season","2021-22",22100138,2021-11-06,"LAL @ POR","POR","LAL",6
"139","Regular Season","2021-22",22100139,2021-11-07,"TOR vs. BKN","BKN","TOR",1
"140","Regular Season","2021-22",22100140,2021-11-07,"NYK vs. CLE","CLE","NYK",2
"141","Regular Season","2021-22",22100141,2021-11-07,"UTA @ ORL","ORL","UTA",3
"142","Regular Season","2021-22",22100142,2021-11-07,"MIL @ WAS","WAS","MIL",4
"143","Regular Season","2021-22",22100143,2021-11-07,"SAC vs. IND","IND","SAC",5
"144","Regular Season","2021-22",22100144,2021-11-07,"OKC vs. SAS","OKC","SAS",6
"145","Regular Season","2021-22",22100145,2021-11-07,"HOU @ GSW","GSW","HOU",7
"146","Regular Season","2021-22",22100146,2021-11-07,"LAC vs. CHA","LAC","CHA",8
"147","Regular Season","2021-22",22100147,2021-11-08,"NYK @ PHI","NYK","PHI",1
"148","Regular Season","2021-22",22100148,2021-11-08,"BKN @ CHI","CHI","BKN",2
"149","Regular Season","2021-22",22100149,2021-11-08,"MEM vs. MIN","MEM","MIN",3
"150","Regular Season","2021-22",22100150,2021-11-08,"DAL vs. NOP","DAL","NOP",4
"151","Regular Season","2021-22",22100151,2021-11-08,"DEN vs. MIA","DEN","MIA",5
"152","Regular Season","2021-22",22100152,2021-11-08,"GSW vs. ATL","GSW","ATL",6
"153","Regular Season","2021-22",22100153,2021-11-08,"SAC vs. PHX","PHX","SAC",7
"154","Regular Season","2021-22",22100154,2021-11-08,"CHA @ LAL","LAL","CHA",8
"155","Regular Season","2021-22",22100155,2021-11-09,"PHI vs. MIL","MIL","PHI",1
"156","Regular Season","2021-22",22100156,2021-11-09,"UTA vs. ATL","UTA","ATL",2
"157","Regular Season","2021-22",22100157,2021-11-09,"LAC vs. POR","LAC","POR",3
"158","Regular Season","2021-22",22100158,2021-11-10,"WAS @ CLE","WAS","CLE",1
"159","Regular Season","2021-22",22100159,2021-11-10,"ORL vs. BKN","BKN","ORL",2
"160","Regular Season","2021-22",22100160,2021-11-10,"BOS vs. TOR","BOS","TOR",3
"161","Regular Season","2021-22",22100161,2021-11-10,"MIL @ NYK","MIL","NYK",4
"162","Regular Season","2021-22",22100162,2021-11-10,"DET @ HOU","DET","HOU",5
"163","Regular Season","2021-22",22100163,2021-11-10,"CHI vs. DAL","CHI","DAL",6
"164","Regular Season","2021-22",22100164,2021-11-10,"CHA @ MEM","CHA","MEM",7
"165","Regular Season","2021-22",22100165,2021-11-10,"NOP vs. OKC","OKC","NOP",8
"166","Regular Season","2021-22",22100166,2021-11-10,"SAS vs. SAC","SAS","SAC",9
"167","Regular Season","2021-22",22100167,2021-11-10,"DEN vs. IND","DEN","IND",10
"168","Regular Season","2021-22",22100168,2021-11-10,"PHX vs. POR","PHX","POR",11
"169","Regular Season","2021-22",22100169,2021-11-10,"MIN @ GSW","GSW","MIN",12
"170","Regular Season","2021-22",22100170,2021-11-10,"LAL vs. MIA","LAL","MIA",13
"171","Regular Season","2021-22",22100171,2021-11-11,"TOR @ PHI","TOR","PHI",1
"172","Regular Season","2021-22",22100172,2021-11-11,"IND @ UTA","IND","UTA",2
"173","Regular Season","2021-22",22100173,2021-11-11,"LAC vs. MIA","LAC","MIA",3
"174","Regular Season","2021-22",22100174,2021-11-12,"CHA vs. NYK","CHA","NYK",1
"175","Regular Season","2021-22",22100175,2021-11-12,"BOS vs. MIL","BOS","MIL",2
"176","Regular Season","2021-22",22100176,2021-11-12,"CLE vs. DET","CLE","DET",3
"177","Regular Season","2021-22",22100177,2021-11-12,"HOU vs. POR","POR","HOU",4
"178","Regular Season","2021-22",22100178,2021-11-12,"MEM vs. PHX","PHX","MEM",5
"179","Regular Season","2021-22",22100179,2021-11-12,"NOP vs. BKN","BKN","NOP",6
"180","Regular Season","2021-22",22100180,2021-11-12,"SAC @ OKC","OKC","SAC",7
"181","Regular Season","2021-22",22100181,2021-11-12,"DAL @ SAS","DAL","SAS",8
"182","Regular Season","2021-22",22100182,2021-11-12,"ATL @ DEN","DEN","ATL",9
"183","Regular Season","2021-22",22100183,2021-11-12,"CHI @ GSW","GSW","CHI",10
"184","Regular Season","2021-22",22100184,2021-11-12,"MIN @ LAL","MIN","LAL",11
"185","Regular Season","2021-22",22100185,2021-11-13,"UTA vs. MIA","MIA","UTA",1
"186","Regular Season","2021-22",22100186,2021-11-13,"IND vs. PHI","IND","PHI",2
"187","Regular Season","2021-22",22100187,2021-11-13,"WAS @ ORL","WAS","ORL",3
"188","Regular Season","2021-22",22100188,2021-11-13,"MEM @ NOP","NOP","MEM",4
"189","Regular Season","2021-22",22100189,2021-11-13,"TOR vs. DET","DET","TOR",5
"190","Regular Season","2021-22",22100190,2021-11-13,"CLE vs. BOS","CLE","BOS",6
"191","Regular Season","2021-22",22100191,2021-11-13,"LAC vs. MIN","LAC","MIN",7
"192","Regular Season","2021-22",22100192,2021-11-14,"SAS @ LAL","LAL","SAS",1
"193","Regular Season","2021-22",22100193,2021-11-14,"MIL @ ATL","ATL","MIL",2
"194","Regular Season","2021-22",22100194,2021-11-14,"CHA vs. GSW","CHA","GSW",3
"195","Regular Season","2021-22",22100195,2021-11-14,"PHX @ HOU","PHX","HOU",4
"196","Regular Season","2021-22",22100196,2021-11-14,"OKC vs. BKN","BKN","OKC",5
"197","Regular Season","2021-22",22100197,2021-11-14,"POR @ DEN","DEN","POR",6
"198","Regular Season","2021-22",22100198,2021-11-14,"CHI @ LAC","CHI","LAC",7
"199","Regular Season","2021-22",22100199,2021-11-15,"BOS @ CLE","BOS","CLE",1
"200","Regular Season","2021-22",22100200,2021-11-15,"DET vs. SAC","SAC","DET",2
"201","Regular Season","2021-22",22100201,2021-11-15,"NOP @ WAS","WAS","NOP",3
"202","Regular Season","2021-22",22100202,2021-11-15,"ATL vs. ORL","ATL","ORL",4
"203","Regular Season","2021-22",22100203,2021-11-15,"IND @ NYK","NYK","IND",5
"204","Regular Season","2021-22",22100204,2021-11-15,"DAL vs. DEN","DAL","DEN",6
"205","Regular Season","2021-22",22100205,2021-11-15,"HOU @ MEM","MEM","HOU",7
"206","Regular Season","2021-22",22100206,2021-11-15,"MIN vs. PHX","PHX","MIN",8
"207","Regular Season","2021-22",22100207,2021-11-15,"MIA @ OKC","MIA","OKC",9
"208","Regular Season","2021-22",22100208,2021-11-15,"POR vs. TOR","POR","TOR",10
"209","Regular Season","2021-22",22100209,2021-11-15,"LAL vs. CHI","CHI","LAL",11
"210","Regular Season","2021-22",22100210,2021-11-16,"BKN vs. GSW","GSW","BKN",1
"211","Regular Season","2021-22",22100211,2021-11-16,"UTA vs. PHI","UTA","PHI",2
"212","Regular Season","2021-22",22100212,2021-11-16,"SAS @ LAC","LAC","SAS",3
"213","Regular Season","2021-22",22100213,2021-11-17,"WAS @ CHA","CHA","WAS",1
"214","Regular Season","2021-22",22100214,2021-11-17,"DET vs. IND","DET","IND",2
"215","Regular Season","2021-22",22100215,2021-11-17,"BOS @ ATL","ATL","BOS",3
"216","Regular Season","2021-22",22100216,2021-11-17,"CLE @ BKN","BKN","CLE",4
"217","Regular Season","2021-22",22100217,2021-11-17,"MIA vs. NOP","MIA","NOP",5
"218","Regular Season","2021-22",22100218,2021-11-17,"NYK vs. ORL","ORL","NYK",6
"219","Regular Season","2021-22",22100219,2021-11-17,"LAL @ MIL","MIL","LAL",7
"220","Regular Season","2021-22",22100220,2021-11-17,"MIN vs. SAC","MIN","SAC",8
"221","Regular Season","2021-22",22100221,2021-11-17,"HOU @ OKC","OKC","HOU",9
"222","Regular Season","2021-22",22100222,2021-11-17,"DAL @ PHX","PHX","DAL",10
"223","Regular Season","2021-22",22100223,2021-11-17,"CHI @ POR","POR","CHI",11
"224","Regular Season","2021-22",22100224,2021-11-18,"CLE vs. GSW","GSW","CLE",1
"225","Regular Season","2021-22",22100225,2021-11-18,"WAS @ MIA","MIA","WAS",2
"226","Regular Season","2021-22",22100226,2021-11-18,"LAC @ MEM","MEM","LAC",3
"227","Regular Season","2021-22",22100227,2021-11-18,"SAS @ MIN","MIN","SAS",4
"228","Regular Season","2021-22",22100228,2021-11-18,"PHI @ DEN","PHI","DEN",5
"229","Regular Season","2021-22",22100229,2021-11-18,"TOR @ UTA","UTA","TOR",6
"230","Regular Season","2021-22",22100230,2021-11-19,"IND @ CHA","CHA","IND",1
"231","Regular Season","2021-22",22100231,2021-11-19,"DET vs. GSW","GSW","DET",2
"232","Regular Season","2021-22",22100232,2021-11-19,"BOS vs. LAL","BOS","LAL",3
"233","Regular Season","2021-22",22100233,2021-11-19,"BKN vs. ORL","BKN","ORL",4
"234","Regular Season","2021-22",22100234,2021-11-19,"MIL vs. OKC","MIL","OKC",5
"235","Regular Season","2021-22",22100235,2021-11-19,"NOP vs. LAC","NOP","LAC",6
"236","Regular Season","2021-22",22100236,2021-11-19,"CHI @ DEN","CHI","DEN",7
"237","Regular Season","2021-22",22100237,2021-11-19,"PHX vs. DAL","PHX","DAL",8
"238","Regular Season","2021-22",22100238,2021-11-19,"TOR @ SAC","TOR","SAC",9
"239","Regular Season","2021-22",22100239,2021-11-20,"HOU @ NYK","NYK","HOU",1
"240","Regular Season","2021-22",22100240,2021-11-20,"IND vs. NOP","IND","NOP",2
"241","Regular Season","2021-22",22100241,2021-11-20,"WAS vs. MIA","WAS","MIA",3
"242","Regular Season","2021-22",22100242,2021-11-20,"CHA @ ATL","ATL","CHA",4
"243","Regular Season","2021-22",22100243,2021-11-20,"OKC @ BOS","BOS","OKC",5
"244","Regular Season","2021-22",22100244,2021-11-20,"MIL vs. ORL","MIL","ORL",6
"245","Regular Season","2021-22",22100245,2021-11-20,"MIN vs. MEM","MIN","MEM",7
"246","Regular Season","2021-22",22100246,2021-11-20,"PHI @ POR","POR","PHI",8
"247","Regular Season","2021-22",22100247,2021-11-20,"UTA @ SAC","UTA","SAC",9
"248","Regular Season","2021-22",22100248,2021-11-21,"DAL @ LAC","LAC","DAL",1
"249","Regular Season","2021-22",22100249,2021-11-21,"LAL @ DET","LAL","DET",2
"250","Regular Season","2021-22",22100250,2021-11-21,"NYK @ CHI","CHI","NYK",3
"251","Regular Season","2021-22",22100251,2021-11-21,"PHX vs. DEN","PHX","DEN",4
"252","Regular Season","2021-22",22100252,2021-11-21,"TOR @ GSW","GSW","TOR",5
"253","Regular Season","2021-22",22100253,2021-11-22,"BKN @ CLE","BKN","CLE",1
"254","Regular Season","2021-22",22100254,2021-11-22,"CHA @ WAS","CHA","WAS",2
"255","Regular Season","2021-22",22100255,2021-11-22,"ATL vs. OKC","ATL","OKC",3
"256","Regular Season","2021-22",22100256,2021-11-22,"BOS vs. HOU","BOS","HOU",4
"257","Regular Season","2021-22",22100257,2021-11-22,"CHI vs. IND","IND","CHI",5
"258","Regular Season","2021-22",22100258,2021-11-22,"MIL vs. ORL","MIL","ORL",6
"259","Regular Season","2021-22",22100259,2021-11-22,"MIN @ NOP","MIN","NOP",7
"260","Regular Season","2021-22",22100260,2021-11-22,"SAS vs. PHX","PHX","SAS",8
"261","Regular Season","2021-22",22100261,2021-11-22,"UTA vs. MEM","MEM","UTA",9
"262","Regular Season","2021-22",22100262,2021-11-22,"SAC vs. PHI","PHI","SAC",10
"263","Regular Season","2021-22",22100263,2021-11-23,"MIA @ DET","MIA","DET",1
"264","Regular Season","2021-22",22100264,2021-11-23,"LAL @ NYK","NYK","LAL",2
"265","Regular Season","2021-22",22100265,2021-11-23,"POR vs. DEN","POR","DEN",3
"266","Regular Season","2021-22",22100266,2021-11-23,"DAL @ LAC","DAL","LAC",4
"267","Regular Season","2021-22",22100267,2021-11-24,"PHX @ CLE","PHX","CLE",1
"268","Regular Season","2021-22",22100268,2021-11-24,"IND vs. LAL","LAL","IND",2
"269","Regular Season","2021-22",22100269,2021-11-24,"CHA @ ORL","CHA","ORL",3
"270","Regular Season","2021-22",22100270,2021-11-24,"BOS vs. BKN","BKN","BOS",4
"271","Regular Season","2021-22",22100271,2021-11-24,"CHI @ HOU","HOU","CHI",5
"272","Regular Season","2021-22",22100272,2021-11-24,"TOR @ MEM","TOR","MEM",6
"273","Regular Season","2021-22",22100273,2021-11-24,"DET @ MIL","MIL","DET",7
"274","Regular Season","2021-22",22100274,2021-11-24,"MIN vs. MIA","MIN","MIA",8
"275","Regular Season","2021-22",22100275,2021-11-24,"WAS @ NOP","NOP","WAS",9
"276","Regular Season","2021-22",22100276,2021-11-24,"OKC vs. UTA","UTA","OKC",10
"277","Regular Season","2021-22",22100277,2021-11-24,"ATL @ SAS","ATL","SAS",11
"278","Regular Season","2021-22",22100278,2021-11-24,"GSW vs. PHI","GSW","PHI",12
"279","Regular Season","2021-22",22100279,2021-11-24,"POR @ SAC","SAC","POR",13
"280","Regular Season","2021-22",22100280,2021-11-26,"LAC vs. DET","LAC","DET",1
"281","Regular Season","2021-22",22100281,2021-11-26,"CHA vs. MIN","CHA","MIN",2
"282","Regular Season","2021-22",22100282,2021-11-26,"PHX @ NYK","PHX","NYK",3
"283","Regular Season","2021-22",22100283,2021-11-26,"CHI @ ORL","CHI","ORL",4
"284","Regular Season","2021-22",22100284,2021-11-26,"IND vs. TOR","IND","TOR",5
"285","Regular Season","2021-22",22100285,2021-11-26,"ATL @ MEM","ATL","MEM",6
"286","Regular Season","2021-22",22100286,2021-11-26,"WAS @ OKC","WAS","OKC",7
"287","Regular Season","2021-22",22100287,2021-11-26,"SAS vs. BOS","SAS","BOS",8
"288","Regular Season","2021-22",22100288,2021-11-26,"MIL @ DEN","MIL","DEN",9
"289","Regular Season","2021-22",22100289,2021-11-26,"NOP @ UTA","NOP","UTA",10
"290","Regular Season","2021-22",22100290,2021-11-26,"POR @ GSW","GSW","POR",11
"291","Regular Season","2021-22",22100291,2021-11-26,"LAL vs. SAC","SAC","LAL",12
"292","Regular Season","2021-22",22100292,2021-11-27,"PHI vs. MIN","MIN","PHI",1
"293","Regular Season","2021-22",22100293,2021-11-27,"NYK @ ATL","NYK","ATL",2
"294","Regular Season","2021-22",22100294,2021-11-27,"PHX @ BKN","PHX","BKN",3
"295","Regular Season","2021-22",22100295,2021-11-27,"CLE vs. ORL","CLE","ORL",4
"296","Regular Season","2021-22",22100296,2021-11-27,"CHI vs. MIA","MIA","CHI",5
"297","Regular Season","2021-22",22100297,2021-11-27,"HOU vs. CHA","HOU","CHA",6
"298","Regular Season","2021-22",22100298,2021-11-27,"WAS @ DAL","WAS","DAL",7
"299","Regular Season","2021-22",22100299,2021-11-27,"UTA vs. NOP","UTA","NOP",8
"300","Regular Season","2021-22",22100300,2021-11-28,"GSW @ LAC","GSW","LAC",1
"301","Regular Season","2021-22",22100301,2021-11-28,"MIL @ IND","MIL","IND",2
"302","Regular Season","2021-22",22100302,2021-11-28,"BOS @ TOR","BOS","TOR",3
"303","Regular Season","2021-22",22100303,2021-11-28,"MEM vs. SAC","MEM","SAC",4
"304","Regular Season","2021-22",22100304,2021-11-28,"LAL vs. DET","LAL","DET",5
"305","Regular Season","2021-22",22100305,2021-11-29,"ORL @ PHI","PHI","ORL",1
"306","Regular Season","2021-22",22100306,2021-11-29,"MIA vs. DEN","DEN","MIA",2
"307","Regular Season","2021-22",22100307,2021-11-29,"CHA @ CHI","CHI","CHA",3
"308","Regular Season","2021-22",22100308,2021-11-29,"HOU vs. OKC","HOU","OKC",4
"309","Regular Season","2021-22",22100309,2021-11-29,"MIN vs. IND","MIN","IND",5
"310","Regular Season","2021-22",22100310,2021-11-29,"DAL vs. CLE","CLE","DAL",6
"311","Regular Season","2021-22",22100311,2021-11-29,"WAS @ SAS","SAS","WAS",7
"312","Regular Season","2021-22",22100312,2021-11-29,"UTA vs. POR","UTA","POR",8
"313","Regular Season","2021-22",22100313,2021-11-29,"NOP @ LAC","NOP","LAC",9
"314","Regular Season","2021-22",22100314,2021-11-30,"BKN vs. NYK","BKN","NYK",1
"315","Regular Season","2021-22",22100315,2021-11-30,"MEM @ TOR","MEM","TOR",2
"316","Regular Season","2021-22",22100316,2021-11-30,"GSW @ PHX","PHX","GSW",3
"317","Regular Season","2021-22",22100317,2021-11-30,"DET @ POR","POR","DET",4
"318","Regular Season","2021-22",22100318,2021-11-30,"SAC vs. LAL","LAL","SAC",5
"319","Regular Season","2021-22",22100319,2021-12-01,"IND vs. ATL","ATL","IND",1
"320","Regular Season","2021-22",22100320,2021-12-01,"ORL vs. DEN","ORL","DEN",2
"321","Regular Season","2021-22",22100321,2021-12-01,"WAS vs. MIN","WAS","MIN",3
"322","Regular Season","2021-22",22100322,2021-12-01,"PHI @ BOS","BOS","PHI",4
"323","Regular Season","2021-22",22100323,2021-12-01,"MIA vs. CLE","CLE","MIA",5
"324","Regular Season","2021-22",22100324,2021-12-01,"CHA @ MIL","MIL","CHA",6
"325","Regular Season","2021-22",22100325,2021-12-01,"DAL @ NOP","DAL","NOP",7
"326","Regular Season","2021-22",22100326,2021-12-01,"OKC vs. HOU","HOU","OKC",8
"327","Regular Season","2021-22",22100327,2021-12-01,"LAC vs. SAC","SAC","LAC",9
"328","Regular Season","2021-22",22100328,2021-12-02,"CHI @ NYK","CHI","NYK",1
"329","Regular Season","2021-22",22100329,2021-12-02,"TOR vs. MIL","TOR","MIL",2
"330","Regular Season","2021-22",22100330,2021-12-02,"MEM vs. OKC","MEM","OKC",3
"331","Regular Season","2021-22",22100331,2021-12-02,"DET @ PHX","PHX","DET",4
"332","Regular Season","2021-22",22100332,2021-12-02,"SAS @ POR","SAS","POR",5
"333","Regular Season","2021-22",22100333,2021-12-03,"MIA @ IND","MIA","IND",1
"334","Regular Season","2021-22",22100334,2021-12-03,"WAS vs. CLE","CLE","WAS",2
"335","Regular Season","2021-22",22100335,2021-12-03,"PHI @ ATL","PHI","ATL",3
"336","Regular Season","2021-22",22100336,2021-12-03,"BKN vs. MIN","BKN","MIN",4
"337","Regular Season","2021-22",22100337,2021-12-03,"ORL @ HOU","HOU","ORL",5
"338","Regular Season","2021-22",22100338,2021-12-03,"DAL vs. NOP","NOP","DAL",6
"339","Regular Season","2021-22",22100339,2021-12-03,"BOS @ UTA","UTA","BOS",7
"340","Regular Season","2021-22",22100340,2021-12-03,"PHX @ GSW","GSW","PHX",8
"341","Regular Season","2021-22",22100341,2021-12-03,"LAL vs. LAC","LAC","LAL",9
"342","Regular Season","2021-22",22100342,2021-12-04,"NYK vs. DEN","DEN","NYK",1
"343","Regular Season","2021-22",22100343,2021-12-04,"CHI @ BKN","CHI","BKN",2
"344","Regular Season","2021-22",22100344,2021-12-04,"MIL vs. MIA","MIL","MIA",3
"345","Regular Season","2021-22",22100345,2021-12-04,"MEM @ DAL","MEM","DAL",4
"346","Regular Season","2021-22",22100346,2021-12-04,"GSW vs. SAS","SAS","GSW",5
"347","Regular Season","2021-22",22100347,2021-12-04,"BOS @ POR","BOS","POR",6
"348","Regular Season","2021-22",22100348,2021-12-04,"SAC vs. LAC","SAC","LAC",7
"349","Regular Season","2021-22",22100349,2021-12-05,"CLE vs. UTA","UTA","CLE",1
"350","Regular Season","2021-22",22100350,2021-12-05,"ATL vs. CHA","CHA","ATL",2
"351","Regular Season","2021-22",22100351,2021-12-05,"WAS @ TOR","TOR","WAS",3
"352","Regular Season","2021-22",22100352,2021-12-05,"NOP @ HOU","HOU","NOP",4
"353","Regular Season","2021-22",22100353,2021-12-06,"PHI @ CHA","PHI","CHA",1
"354","Regular Season","2021-22",22100354,2021-12-06,"OKC @ DET","OKC","DET",2
"355","Regular Season","2021-22",22100355,2021-12-06,"IND vs. WAS","IND","WAS",3
"356","Regular Season","2021-22",22100356,2021-12-06,"MEM @ MIA","MEM","MIA",4
"357","Regular Season","2021-22",22100357,2021-12-06,"DEN @ CHI","CHI","DEN",5
"358","Regular Season","2021-22",22100358,2021-12-06,"MIL vs. CLE","MIL","CLE",6
"359","Regular Season","2021-22",22100359,2021-12-06,"MIN vs. ATL","ATL","MIN",7
"360","Regular Season","2021-22",22100360,2021-12-06,"SAS @ PHX","PHX","SAS",8
"361","Regular Season","2021-22",22100361,2021-12-06,"GSW vs. ORL","GSW","ORL",9
"362","Regular Season","2021-22",22100362,2021-12-06,"LAC @ POR","LAC","POR",10
"363","Regular Season","2021-22",22100363,2021-12-07,"BKN @ DAL","BKN","DAL",1
"364","Regular Season","2021-22",22100364,2021-12-07,"NYK @ SAS","NYK","SAS",2
"365","Regular Season","2021-22",22100365,2021-12-07,"BOS @ LAL","LAL","BOS",3
"366","Regular Season","2021-22",22100366,2021-12-08,"PHI @ CHA","PHI","CHA",1
"367","Regular Season","2021-22",22100367,2021-12-08,"CLE vs. CHI","CLE","CHI",2
"368","Regular Season","2021-22",22100368,2021-12-08,"DET vs. WAS","WAS","DET",3
"369","Regular Season","2021-22",22100369,2021-12-08,"IND vs. NYK","IND","NYK",4
"370","Regular Season","2021-22",22100370,2021-12-08,"MIA vs. MIL","MIA","MIL",5
"371","Regular Season","2021-22",22100371,2021-12-08,"OKC @ TOR","OKC","TOR",6
"372","Regular Season","2021-22",22100372,2021-12-08,"HOU vs. BKN","HOU","BKN",7
"373","Regular Season","2021-22",22100373,2021-12-08,"DAL @ MEM","DAL","MEM",8
"374","Regular Season","2021-22",22100374,2021-12-08,"UTA @ MIN","UTA","MIN",9
"375","Regular Season","2021-22",22100375,2021-12-08,"NOP vs. DEN","DEN","NOP",10
"376","Regular Season","2021-22",22100376,2021-12-08,"GSW vs. POR","GSW","POR",11
"377","Regular Season","2021-22",22100377,2021-12-08,"SAC vs. ORL","SAC","ORL",12
"378","Regular Season","2021-22",22100378,2021-12-08,"BOS @ LAC","LAC","BOS",13
"379","Regular Season","2021-22",22100379,2021-12-09,"UTA @ PHI","UTA","PHI",1
"380","Regular Season","2021-22",22100380,2021-12-09,"MEM vs. LAL","MEM","LAL",2
"381","Regular Season","2021-22",22100381,2021-12-09,"DEN @ SAS","SAS","DEN",3
"382","Regular Season","2021-22",22100382,2021-12-10,"SAC @ CHA","CHA","SAC",1
"383","Regular Season","2021-22",22100383,2021-12-10,"IND vs. DAL","IND","DAL",2
"384","Regular Season","2021-22",22100384,2021-12-10,"BKN @ ATL","BKN","ATL",3
"385","Regular Season","2021-22",22100385,2021-12-10,"NYK @ TOR","TOR","NYK",4
"386","Regular Season","2021-22",22100386,2021-12-10,"HOU vs. MIL","MIL","HOU",5
"387","Regular Season","2021-22",22100387,2021-12-10,"CLE @ MIN","CLE","MIN",6
"388","Regular Season","2021-22",22100388,2021-12-10,"DET @ NOP","NOP","DET",7
"389","Regular Season","2021-22",22100389,2021-12-10,"LAL @ OKC","LAL","OKC",8
"390","Regular Season","2021-22",22100390,2021-12-10,"BOS @ PHX","PHX","BOS",9
"391","Regular Season","2021-22",22100391,2021-12-11,"ORL @ LAC","LAC","ORL",1
"392","Regular Season","2021-22",22100392,2021-12-11,"UTA @ WAS","UTA","WAS",2
"393","Regular Season","2021-22",22100393,2021-12-11,"SAC @ CLE","CLE","SAC",3
"394","Regular Season","2021-22",22100394,2021-12-11,"MIA vs. CHI","MIA","CHI",4
"395","Regular Season","2021-22",22100395,2021-12-11,"MEM vs. HOU","MEM","HOU",5
"396","Regular Season","2021-22",22100396,2021-12-11,"GSW @ PHI","PHI","GSW",6
"397","Regular Season","2021-22",22100397,2021-12-11,"DEN @ SAS","DEN","SAS",7
"398","Regular Season","2021-22",22100398,2021-12-12,"MIL @ NYK","MIL","NYK",1
"399","Regular Season","2021-22",22100399,2021-12-12,"BKN @ DET","BKN","DET",2
"400","Regular Season","2021-22",22100400,2021-12-12,"OKC vs. DAL","DAL","OKC",3
"401","Regular Season","2021-22",22100401,2021-12-12,"NOP @ SAS","SAS","NOP",4
"402","Regular Season","2021-22",22100402,2021-12-12,"POR vs. MIN","MIN","POR",5
"403","Regular Season","2021-22",22100403,2021-12-12,"ORL @ LAL","LAL","ORL",6
"404","Regular Season","2021-22",22100404,2021-12-13,"MIA @ CLE","CLE","MIA",1
"405","Regular Season","2021-22",22100405,2021-12-13,"IND vs. GSW","GSW","IND",2
"406","Regular Season","2021-22",22100406,2021-12-13,"TOR vs. SAC","TOR","SAC",3
"407","Regular Season","2021-22",22100407,2021-12-13,"HOU @ ATL","HOU","ATL",4
"408","Regular Season","2021-22",22100408,2021-12-13,"BOS vs. MIL","BOS","MIL",5
"409","Regular Season","2021-22",22100409,2021-12-13,"MEM vs. PHI","MEM","PHI",6
"410","Regular Season","2021-22",22100410,2021-12-13,"CHA @ DAL","DAL","CHA",7
"411","Regular Season","2021-22",22100411,2021-12-13,"DEN vs. WAS","DEN","WAS",8
"412","Regular Season","2021-22",22100412,2021-12-13,"PHX @ LAC","LAC","PHX",9
"413","Regular Season","2021-22",22100413,2021-12-14,"TOR @ BKN","BKN","TOR",1
"414","Regular Season","2021-22",22100414,2021-12-14,"GSW @ NYK","GSW","NYK",2
"415","Regular Season","2021-22",22100416,2021-12-14,"POR vs. PHX","PHX","POR",3
"416","Regular Season","2021-22",22100417,2021-12-15,"CLE vs. HOU","CLE","HOU",1
"417","Regular Season","2021-22",22100418,2021-12-15,"ATL @ ORL","ATL","ORL",2
"418","Regular Season","2021-22",22100419,2021-12-15,"MIA @ PHI","MIA","PHI",3
"419","Regular Season","2021-22",22100420,2021-12-15,"LAL @ DAL","LAL","DAL",4
"420","Regular Season","2021-22",22100421,2021-12-15,"IND @ MIL","MIL","IND",5
"421","Regular Season","2021-22",22100422,2021-12-15,"NOP @ OKC","NOP","OKC",6
"422","Regular Season","2021-22",22100423,2021-12-15,"CHA @ SAS","CHA","SAS",7
"423","Regular Season","2021-22",22100424,2021-12-15,"MIN @ DEN","MIN","DEN",8
"424","Regular Season","2021-22",22100425,2021-12-15,"LAC @ UTA","UTA","LAC",9
"425","Regular Season","2021-22",22100426,2021-12-15,"MEM @ POR","MEM","POR",10
"426","Regular Season","2021-22",22100427,2021-12-15,"SAC vs. WAS","SAC","WAS",11
"427","Regular Season","2021-22",22100428,2021-12-16,"IND vs. DET","IND","DET",1
"428","Regular Season","2021-22",22100429,2021-12-16,"PHI @ BKN","BKN","PHI",2
"429","Regular Season","2021-22",22100431,2021-12-16,"NYK @ HOU","NYK","HOU",3
"430","Regular Season","2021-22",22100432,2021-12-16,"PHX vs. WAS","PHX","WAS",4
"431","Regular Season","2021-22",22100433,2021-12-17,"ORL vs. MIA","MIA","ORL",1
"432","Regular Season","2021-22",22100434,2021-12-17,"DEN @ ATL","DEN","ATL",2
"433","Regular Season","2021-22",22100435,2021-12-17,"GSW @ BOS","GSW","BOS",3
"434","Regular Season","2021-22",22100436,2021-12-17,"LAL @ MIN","MIN","LAL",4
"435","Regular Season","2021-22",22100437,2021-12-17,"UTA vs. SAS","SAS","UTA",5
"436","Regular Season","2021-22",22100438,2021-12-17,"NOP vs. MIL","NOP","MIL",6
"437","Regular Season","2021-22",22100439,2021-12-17,"POR vs. CHA","POR","CHA",7
"438","Regular Season","2021-22",22100440,2021-12-17,"MEM @ SAC","MEM","SAC",8
"439","Regular Season","2021-22",22100441,2021-12-18,"HOU @ DET","HOU","DET",1
"440","Regular Season","2021-22",22100442,2021-12-18,"BKN vs. ORL","ORL","BKN",2
"441","Regular Season","2021-22",22100443,2021-12-18,"TOR vs. GSW","TOR","GSW",3
"442","Regular Season","2021-22",22100444,2021-12-18,"LAC @ OKC","OKC","LAC",4
"443","Regular Season","2021-22",22100445,2021-12-18,"NYK @ BOS","BOS","NYK",5
"444","Regular Season","2021-22",22100446,2021-12-18,"CLE @ MIL","CLE","MIL",6
"445","Regular Season","2021-22",22100447,2021-12-18,"UTA vs. WAS","WAS","UTA",7
"446","Regular Season","2021-22",22100448,2021-12-19,"LAL @ CHI","CHI","LAL",1
"447","Regular Season","2021-22",22100449,2021-12-19,"DET vs. MIA","DET","MIA",2
"448","Regular Season","2021-22",22100450,2021-12-19,"POR @ MEM","POR","MEM",3
"449","Regular Season","2021-22",22100451,2021-12-19,"SAC vs. SAS","SAC","SAS",4
"450","Regular Season","2021-22",22100455,2021-12-19,"MIN vs. DAL","MIN","DAL",5
"451","Regular Season","2021-22",22100456,2021-12-19,"PHX vs. CHA","PHX","CHA",6
"452","Regular Season","2021-22",22100457,2021-12-20,"PHI @ BOS","PHI","BOS",1
"453","Regular Season","2021-22",22100459,2021-12-20,"HOU @ CHI","CHI","HOU",2
"454","Regular Season","2021-22",22100460,2021-12-20,"OKC @ MEM","OKC","MEM",3
"455","Regular Season","2021-22",22100461,2021-12-20,"CHA @ UTA","UTA","CHA",4
"456","Regular Season","2021-22",22100462,2021-12-20,"SAC @ GSW","GSW","SAC",5
"457","Regular Season","2021-22",22100463,2021-12-20,"SAS @ LAC","SAS","LAC",6
"458","Regular Season","2021-22",22100465,2021-12-21,"MIA vs. IND","MIA","IND",1
"459","Regular Season","2021-22",22100466,2021-12-21,"NYK vs. DET","NYK","DET",2
"460","Regular Season","2021-22",22100467,2021-12-21,"NOP vs. POR","NOP","POR",3
"461","Regular Season","2021-22",22100468,2021-12-21,"MIN @ DAL","DAL","MIN",4
"462","Regular Season","2021-22",22100469,2021-12-21,"LAL vs. PHX","PHX","LAL",5
"463","Regular Season","2021-22",22100470,2021-12-22,"ATL vs. ORL","ORL","ATL",1
"464","Regular Season","2021-22",22100471,2021-12-22,"CLE @ BOS","BOS","CLE",2
"465","Regular Season","2021-22",22100473,2021-12-22,"HOU @ MIL","MIL","HOU",3
"466","Regular Season","2021-22",22100474,2021-12-22,"DEN @ OKC","OKC","DEN",4
"467","Regular Season","2021-22",22100475,2021-12-22,"SAC vs. LAC","LAC","SAC",5
"468","Regular Season","2021-22",22100476,2021-12-23,"IND vs. HOU","IND","HOU",1
"469","Regular Season","2021-22",22100477,2021-12-23,"ORL vs. NOP","NOP","ORL",2
"470","Regular Season","2021-22",22100478,2021-12-23,"ATL @ PHI","ATL","PHI",3
"471","Regular Season","2021-22",22100479,2021-12-23,"MIA vs. DET","MIA","DET",4
"472","Regular Season","2021-22",22100480,2021-12-23,"WAS @ NYK","WAS","NYK",5
"473","Regular Season","2021-22",22100481,2021-12-23,"MIL @ DAL","MIL","DAL",6
"474","Regular Season","2021-22",22100482,2021-12-23,"DEN vs. CHA","CHA","DEN",7
"475","Regular Season","2021-22",22100483,2021-12-23,"PHX vs. OKC","PHX","OKC",8
"476","Regular Season","2021-22",22100484,2021-12-23,"UTA vs. MIN","UTA","MIN",9
"477","Regular Season","2021-22",22100485,2021-12-23,"MEM @ GSW","GSW","MEM",10
"478","Regular Season","2021-22",22100487,2021-12-23,"LAL vs. SAS","SAS","LAL",11
"479","Regular Season","2021-22",22100488,2021-12-25,"ATL @ NYK","NYK","ATL",1
"480","Regular Season","2021-22",22100489,2021-12-25,"MIL vs. BOS","MIL","BOS",2
"481","Regular Season","2021-22",22100490,2021-12-25,"GSW @ PHX","GSW","PHX",3
"482","Regular Season","2021-22",22100491,2021-12-25,"LAL vs. BKN","BKN","LAL",4
"483","Regular Season","2021-22",22100492,2021-12-25,"UTA vs. DAL","UTA","DAL",5
"484","Regular Season","2021-22",22100493,2021-12-26,"ORL @ MIA","MIA","ORL",1
"485","Regular Season","2021-22",22100494,2021-12-26,"TOR @ CLE","CLE","TOR",2
"486","Regular Season","2021-22",22100495,2021-12-26,"WAS vs. PHI","PHI","WAS",3
"487","Regular Season","2021-22",22100496,2021-12-26,"SAC vs. MEM","MEM","SAC",4
"488","Regular Season","2021-22",22100497,2021-12-26,"OKC vs. NOP","OKC","NOP",5
"489","Regular Season","2021-22",22100498,2021-12-26,"SAS vs. DET","SAS","DET",6
"490","Regular Season","2021-22",22100499,2021-12-26,"CHI vs. IND","CHI","IND",7
"491","Regular Season","2021-22",22100500,2021-12-26,"DEN @ LAC","DEN","LAC",8
"492","Regular Season","2021-22",22100501,2021-12-27,"HOU @ CHA","CHA","HOU",1
"493","Regular Season","2021-22",22100502,2021-12-27,"ATL vs. CHI","CHI","ATL",2
"494","Regular Season","2021-22",22100503,2021-12-27,"BOS @ MIN","MIN","BOS",3
"495","Regular Season","2021-22",22100504,2021-12-27,"UTA @ SAS","UTA","SAS",4
"496","Regular Season","2021-22",22100505,2021-12-27,"MEM @ PHX","MEM","PHX",5
"497","Regular Season","2021-22",22100506,2021-12-27,"POR vs. DAL","DAL","POR",6
"498","Regular Season","2021-22",22100507,2021-12-27,"LAC vs. BKN","BKN","LAC",7
"499","Regular Season","2021-22",22100508,2021-12-28,"ORL vs. MIL","MIL","ORL",1
"500","Regular Season","2021-22",22100509,2021-12-28,"WAS @ MIA","MIA","WAS",2
"501","Regular Season","2021-22",22100510,2021-12-28,"PHI @ TOR","PHI","TOR",3
"502","Regular Season","2021-22",22100511,2021-12-28,"HOU vs. LAL","LAL","HOU",4
"503","Regular Season","2021-22",22100512,2021-12-28,"MIN vs. NYK","NYK","MIN",5
"504","Regular Season","2021-22",22100513,2021-12-28,"CLE @ NOP","NOP","CLE",6
"505","Regular Season","2021-22",22100514,2021-12-28,"DEN @ GSW","DEN","GSW",7
"506","Regular Season","2021-22",22100515,2021-12-28,"OKC @ SAC","SAC","OKC",8
"507","Regular Season","2021-22",22100516,2021-12-29,"DET vs. NYK","NYK","DET",1
"508","Regular Season","2021-22",22100517,2021-12-29,"IND vs. CHA","CHA","IND",2
"509","Regular Season","2021-22",22100518,2021-12-29,"LAC @ BOS","LAC","BOS",3
"510","Regular Season","2021-22",22100519,2021-12-29,"ATL @ CHI","CHI","ATL",4
"511","Regular Season","2021-22",22100520,2021-12-29,"MEM vs. LAL","MEM","LAL",5
"512","Regular Season","2021-22",22100522,2021-12-29,"OKC @ PHX","PHX","OKC",6
"513","Regular Season","2021-22",22100523,2021-12-29,"POR vs. UTA","UTA","POR",7
"514","Regular Season","2021-22",22100524,2021-12-29,"DAL @ SAC","SAC","DAL",8
"515","Regular Season","2021-22",22100525,2021-12-30,"BKN vs. PHI","PHI","BKN",1
"516","Regular Season","2021-22",22100526,2021-12-30,"ORL vs. MIL","MIL","ORL",2
"517","Regular Season","2021-22",22100527,2021-12-30,"CLE @ WAS","WAS","CLE",3
"518","Regular Season","2021-22",22100529,2021-12-31,"BOS vs. PHX","BOS","PHX",1
"519","Regular Season","2021-22",22100530,2021-12-31,"IND vs. CHI","CHI","IND",2
"520","Regular Season","2021-22",22100531,2021-12-31,"DAL @ SAC","DAL","SAC",3
"521","Regular Season","2021-22",22100532,2021-12-31,"HOU vs. MIA","MIA","HOU",4
"522","Regular Season","2021-22",22100533,2021-12-31,"CLE vs. ATL","ATL","CLE",5
"523","Regular Season","2021-22",22100534,2021-12-31,"LAC @ TOR","TOR","LAC",6
"524","Regular Season","2021-22",22100535,2021-12-31,"SAS @ MEM","MEM","SAS",7
"525","Regular Season","2021-22",22100536,2021-12-31,"OKC vs. NYK","OKC","NYK",8
"526","Regular Season","2021-22",22100537,2021-12-31,"UTA vs. MIN","UTA","MIN",9
"527","Regular Season","2021-22",22100538,2021-12-31,"POR @ LAL","LAL","POR",10
"528","Regular Season","2021-22",22100539,2022-01-01,"NOP @ MIL","MIL","NOP",1
"529","Regular Season","2021-22",22100540,2022-01-01,"SAS @ DET","DET","SAS",2
"530","Regular Season","2021-22",22100541,2022-01-01,"CHI @ WAS","CHI","WAS",3
"531","Regular Season","2021-22",22100542,2022-01-01,"BKN vs. LAC","LAC","BKN",4
"532","Regular Season","2021-22",22100543,2022-01-01,"HOU vs. DEN","DEN","HOU",5
"533","Regular Season","2021-22",22100544,2022-01-01,"GSW @ UTA","GSW","UTA",6
"534","Regular Season","2021-22",22100545,2022-01-02,"TOR vs. NYK","TOR","NYK",1
"535","Regular Season","2021-22",22100546,2022-01-02,"BOS vs. ORL","BOS","ORL",2
"536","Regular Season","2021-22",22100547,2022-01-02,"CLE vs. IND","CLE","IND",3
"537","Regular Season","2021-22",22100548,2022-01-02,"MIA @ SAC","SAC","MIA",4
"538","Regular Season","2021-22",22100549,2022-01-02,"CHA vs. PHX","PHX","CHA",5
"539","Regular Season","2021-22",22100550,2022-01-02,"DAL @ OKC","DAL","OKC",6
"540","Regular Season","2021-22",22100551,2022-01-02,"LAL vs. MIN","LAL","MIN",7
"541","Regular Season","2021-22",22100552,2022-01-03,"PHI vs. HOU","PHI","HOU",1
"542","Regular Season","2021-22",22100553,2022-01-03,"CHA @ WAS","WAS","CHA",2
"543","Regular Season","2021-22",22100554,2022-01-03,"MEM @ BKN","MEM","BKN",3
"544","Regular Season","2021-22",22100555,2022-01-03,"CHI vs. ORL","CHI","ORL",4
"545","Regular Season","2021-22",22100556,2022-01-03,"DET @ MIL","DET","MIL",5
"546","Regular Season","2021-22",22100557,2022-01-03,"UTA @ NOP","UTA","NOP",6
"547","Regular Season","2021-22",22100558,2022-01-03,"DAL vs. DEN","DAL","DEN",7
"548","Regular Season","2021-22",22100559,2022-01-03,"MIA @ GSW","GSW","MIA",8
"549","Regular Season","2021-22",22100560,2022-01-03,"POR vs. ATL","POR","ATL",9
"550","Regular Season","2021-22",22100561,2022-01-03,"LAC vs. MIN","MIN","LAC",10
"551","Regular Season","2021-22",22100562,2022-01-04,"CLE vs. MEM","MEM","CLE",1
"552","Regular Season","2021-22",22100563,2022-01-04,"SAS @ TOR","TOR","SAS",2
"553","Regular Season","2021-22",22100564,2022-01-04,"IND @ NYK","NYK","IND",3
"554","Regular Season","2021-22",22100565,2022-01-04,"NOP vs. PHX","PHX","NOP",4
"555","Regular Season","2021-22",22100566,2022-01-04,"LAL vs. SAC","LAL","SAC",5
"556","Regular Season","2021-22",22100567,2022-01-05,"DET @ CHA","CHA","DET",1
"557","Regular Season","2021-22",22100568,2022-01-05,"ORL vs. PHI","PHI","ORL",2
"558","Regular Season","2021-22",22100569,2022-01-05,"HOU @ WAS","HOU","WAS",3
"559","Regular Season","2021-22",22100570,2022-01-05,"SAS @ BOS","SAS","BOS",4
"560","Regular Season","2021-22",22100571,2022-01-05,"IND vs. BKN","BKN","IND",5
"561","Regular Season","2021-22",22100572,2022-01-05,"DAL vs. GSW","DAL","GSW",6
"562","Regular Season","2021-22",22100573,2022-01-05,"TOR @ MIL","TOR","MIL",7
"563","Regular Season","2021-22",22100574,2022-01-05,"OKC @ MIN","MIN","OKC",8
"564","Regular Season","2021-22",22100575,2022-01-05,"UTA @ DEN","UTA","DEN",9
"565","Regular Season","2021-22",22100576,2022-01-05,"POR vs. MIA","MIA","POR",10
"566","Regular Season","2021-22",22100577,2022-01-05,"ATL @ SAC","ATL","SAC",11
"567","Regular Season","2021-22",22100578,2022-01-06,"NYK vs. BOS","NYK","BOS",1
"568","Regular Season","2021-22",22100579,2022-01-06,"MEM vs. DET","MEM","DET",2
"569","Regular Season","2021-22",22100580,2022-01-06,"NOP vs. GSW","NOP","GSW",3
"570","Regular Season","2021-22",22100581,2022-01-06,"PHX vs. LAC","PHX","LAC",4
"571","Regular Season","2021-22",22100582,2022-01-07,"SAS @ PHI","PHI","SAS",1
"572","Regular Season","2021-22",22100583,2022-01-07,"BKN vs. MIL","MIL","BKN",2
"573","Regular Season","2021-22",22100584,2022-01-07,"TOR vs. UTA","TOR","UTA",3
"574","Regular Season","2021-22",22100585,2022-01-07,"CHI vs. WAS","CHI","WAS",4
"575","Regular Season","2021-22",22100586,2022-01-07,"DAL @ HOU","DAL","HOU",5
"576","Regular Season","2021-22",22100587,2022-01-07,"MIN @ OKC","MIN","OKC",6
"577","Regular Season","2021-22",22100588,2022-01-07,"DEN vs. SAC","DEN","SAC",7
"578","Regular Season","2021-22",22100589,2022-01-07,"LAL vs. ATL","LAL","ATL",8
"579","Regular Season","2021-22",22100590,2022-01-07,"CLE @ POR","CLE","POR",9
"580","Regular Season","2021-22",22100591,2022-01-08,"LAC vs. MEM","MEM","LAC",1
"581","Regular Season","2021-22",22100592,2022-01-08,"MIL @ CHA","CHA","MIL",2
"582","Regular Season","2021-22",22100593,2022-01-08,"DET vs. ORL","DET","ORL",3
"583","Regular Season","2021-22",22100594,2022-01-08,"IND vs. UTA","IND","UTA",4
"584","Regular Season","2021-22",22100595,2022-01-08,"BOS vs. NYK","BOS","NYK",5
"585","Regular Season","2021-22",22100596,2022-01-08,"MIA @ PHX","MIA","PHX",6
"586","Regular Season","2021-22",22100597,2022-01-09,"LAC vs. ATL","LAC","ATL",1
"587","Regular Season","2021-22",22100598,2022-01-09,"WAS @ ORL","WAS","ORL",2
"588","Regular Season","2021-22",22100599,2022-01-09,"NOP @ TOR","TOR","NOP",3
"589","Regular Season","2021-22",22100600,2022-01-09,"MIN @ HOU","MIN","HOU",4
"590","Regular Season","2021-22",22100601,2022-01-09,"OKC vs. DEN","DEN","OKC",5
"591","Regular Season","2021-22",22100602,2022-01-09,"SAS @ BKN","BKN","SAS",6
"592","Regular Season","2021-22",22100603,2022-01-09,"CHI @ DAL","DAL","CHI",7
"593","Regular Season","2021-22",22100604,2022-01-09,"CLE @ GSW","GSW","CLE",8
"594","Regular Season","2021-22",22100605,2022-01-09,"POR vs. SAC","POR","SAC",9
"595","Regular Season","2021-22",22100606,2022-01-09,"MEM @ LAL","MEM","LAL",10
"596","Regular Season","2021-22",22100486,2022-01-10,"BKN @ POR","POR","BKN",1
"597","Regular Season","2021-22",22100607,2022-01-10,"MIL @ CHA","CHA","MIL",2
"598","Regular Season","2021-22",22100608,2022-01-10,"UTA @ DET","DET","UTA",3
"599","Regular Season","2021-22",22100609,2022-01-10,"BOS vs. IND","BOS","IND",4
"600","Regular Season","2021-22",22100610,2022-01-10,"SAS @ NYK","NYK","SAS",5
"601","Regular Season","2021-22",22100611,2022-01-10,"CLE @ SAC","CLE","SAC",6
"602","Regular Season","2021-22",22100711,2022-01-10,"PHI @ HOU","PHI","HOU",7
"603","Regular Season","2021-22",22100415,2022-01-11,"DET @ CHI","CHI","DET",1
"604","Regular Season","2021-22",22100612,2022-01-11,"WAS vs. OKC","WAS","OKC",2
"605","Regular Season","2021-22",22100613,2022-01-11,"PHX @ TOR","PHX","TOR",3
"606","Regular Season","2021-22",22100614,2022-01-11,"MEM vs. GSW","MEM","GSW",4
"607","Regular Season","2021-22",22100615,2022-01-11,"NOP vs. MIN","NOP","MIN",5
"608","Regular Season","2021-22",22100616,2022-01-11,"DEN @ LAC","LAC","DEN",6
"609","Regular Season","2021-22",22100618,2022-01-12,"BOS @ IND","BOS","IND",1
"610","Regular Season","2021-22",22100619,2022-01-12,"CHA @ PHI","CHA","PHI",2
"611","Regular Season","2021-22",22100620,2022-01-12,"WAS vs. ORL","WAS","ORL",3
"612","Regular Season","2021-22",22100621,2022-01-12,"ATL vs. MIA","MIA","ATL",4
"613","Regular Season","2021-22",22100622,2022-01-12,"DAL @ NYK","NYK","DAL",5
"614","Regular Season","2021-22",22100623,2022-01-12,"SAS vs. HOU","HOU","SAS",6
"615","Regular Season","2021-22",22100624,2022-01-12,"UTA vs. CLE","CLE","UTA",7
"616","Regular Season","2021-22",22100625,2022-01-12,"BKN @ CHI","BKN","CHI",8
"617","Regular Season","2021-22",22100626,2022-01-12,"LAL @ SAC","SAC","LAL",9
"618","Regular Season","2021-22",22100627,2022-01-13,"GSW @ MIL","MIL","GSW",1
"619","Regular Season","2021-22",22100628,2022-01-13,"MIN @ MEM","MEM","MIN",2
"620","Regular Season","2021-22",22100629,2022-01-13,"LAC @ NOP","NOP","LAC",3
"621","Regular Season","2021-22",22100630,2022-01-13,"OKC @ BKN","OKC","BKN",4
"622","Regular Season","2021-22",22100631,2022-01-13,"DEN vs. POR","DEN","POR",5
"623","Regular Season","2021-22",22100632,2022-01-14,"ORL @ CHA","ORL","CHA",1
"624","Regular Season","2021-22",22100633,2022-01-14,"DET vs. TOR","DET","TOR",2
"625","Regular Season","2021-22",22100634,2022-01-14,"IND vs. PHX","PHX","IND",3
"626","Regular Season","2021-22",22100635,2022-01-14,"BOS @ PHI","PHI","BOS",4
"627","Regular Season","2021-22",22100636,2022-01-14,"ATL @ MIA","MIA","ATL",5
"628","Regular Season","2021-22",22100637,2022-01-14,"GSW @ CHI","GSW","CHI",6
"629","Regular Season","2021-22",22100638,2022-01-14,"CLE @ SAS","CLE","SAS",7
"630","Regular Season","2021-22",22100639,2022-01-14,"DAL @ MEM","DAL","MEM",8
"631","Regular Season","2021-22",22100640,2022-01-14,"HOU @ SAC","SAC","HOU",9
"632","Regular Season","2021-22",22100641,2022-01-15,"TOR @ MIL","TOR","MIL",1
"633","Regular Season","2021-22",22100642,2022-01-15,"WAS vs. POR","POR","WAS",2
"634","Regular Season","2021-22",22100643,2022-01-15,"ATL vs. NYK","NYK","ATL",3
"635","Regular Season","2021-22",22100644,2022-01-15,"BKN vs. NOP","BKN","NOP",4
"636","Regular Season","2021-22",22100645,2022-01-15,"PHI @ MIA","PHI","MIA",5
"637","Regular Season","2021-22",22100646,2022-01-15,"CLE @ OKC","CLE","OKC",6
"638","Regular Season","2021-22",22100647,2022-01-15,"BOS vs. CHI","BOS","CHI",7
"639","Regular Season","2021-22",22100648,2022-01-15,"SAS vs. LAC","SAS","LAC",8
"640","Regular Season","2021-22",22100649,2022-01-15,"LAL @ DEN","DEN","LAL",9
"641","Regular Season","2021-22",22100650,2022-01-15,"DAL vs. ORL","DAL","ORL",10
"642","Regular Season","2021-22",22100617,2022-01-16,"DET vs. PHX","PHX","DET",1
"643","Regular Season","2021-22",22100651,2022-01-16,"SAC vs. HOU","HOU","SAC",2
"644","Regular Season","2021-22",22100652,2022-01-16,"MIN vs. GSW","MIN","GSW",3
"645","Regular Season","2021-22",22100653,2022-01-16,"DEN vs. UTA","UTA","DEN",4
"646","Regular Season","2021-22",22100654,2022-01-17,"BOS vs. NOP","BOS","NOP",1
"647","Regular Season","2021-22",22100655,2022-01-17,"CHA @ NYK","CHA","NYK",2
"648","Regular Season","2021-22",22100656,2022-01-17,"WAS vs. PHI","WAS","PHI",3
"649","Regular Season","2021-22",22100657,2022-01-17,"CLE vs. BKN","CLE","BKN",4
"650","Regular Season","2021-22",22100658,2022-01-17,"CHI @ MEM","MEM","CHI",5
"651","Regular Season","2021-22",22100659,2022-01-17,"IND @ LAC","LAC","IND",6
"652","Regular Season","2021-22",22100660,2022-01-17,"ATL vs. MIL","ATL","MIL",7
"653","Regular Season","2021-22",22100661,2022-01-17,"ORL vs. POR","POR","ORL",8
"654","Regular Season","2021-22",22100662,2022-01-17,"MIA vs. TOR","MIA","TOR",9
"655","Regular Season","2021-22",22100663,2022-01-17,"OKC @ DAL","DAL","OKC",10
"656","Regular Season","2021-22",22100664,2022-01-17,"PHX @ SAS","PHX","SAS",11
"657","Regular Season","2021-22",22100665,2022-01-17,"LAL vs. UTA","LAL","UTA",12
"658","Regular Season","2021-22",22100666,2022-01-18,"NYK vs. MIN","MIN","NYK",1
"659","Regular Season","2021-22",22100667,2022-01-18,"DET @ GSW","GSW","DET",2
"660","Regular Season","2021-22",22100668,2022-01-19,"ORL @ PHI","PHI","ORL",1
"661","Regular Season","2021-22",22100669,2022-01-19,"WAS vs. BKN","BKN","WAS",2
"662","Regular Season","2021-22",22100670,2022-01-19,"ATL vs. MIN","ATL","MIN",3
"663","Regular Season","2021-22",22100671,2022-01-19,"CHA @ BOS","CHA","BOS",4
"664","Regular Season","2021-22",22100672,2022-01-19,"POR @ MIA","MIA","POR",5
"665","Regular Season","2021-22",22100673,2022-01-19,"CHI vs. CLE","CHI","CLE",6
"666","Regular Season","2021-22",22100674,2022-01-19,"MEM @ MIL","MIL","MEM",7
"667","Regular Season","2021-22",22100675,2022-01-19,"TOR @ DAL","DAL","TOR",8
"668","Regular Season","2021-22",22100676,2022-01-19,"OKC @ SAS","SAS","OKC",9
"669","Regular Season","2021-22",22100677,2022-01-19,"UTA vs. HOU","HOU","UTA",10
"670","Regular Season","2021-22",22100678,2022-01-19,"LAC @ DEN","DEN","LAC",11
"671","Regular Season","2021-22",22100679,2022-01-19,"SAC vs. DET","DET","SAC",12
"672","Regular Season","2021-22",22100680,2022-01-19,"IND @ LAL","IND","LAL",13
"673","Regular Season","2021-22",22100681,2022-01-20,"NOP @ NYK","NOP","NYK",1
"674","Regular Season","2021-22",22100682,2022-01-20,"DAL vs. PHX","PHX","DAL",2
"675","Regular Season","2021-22",22100683,2022-01-20,"GSW vs. IND","IND","GSW",3
"676","Regular Season","2021-22",22100684,2022-01-21,"CHA vs. OKC","CHA","OKC",1
"677","Regular Season","2021-22",22100685,2022-01-21,"ORL vs. LAL","LAL","ORL",2
"678","Regular Season","2021-22",22100686,2022-01-21,"PHI vs. LAC","LAC","PHI",3
"679","Regular Season","2021-22",22100687,2022-01-21,"MIA @ ATL","ATL","MIA",4
"680","Regular Season","2021-22",22100688,2022-01-21,"POR @ BOS","POR","BOS",5
"681","Regular Season","2021-22",22100689,2022-01-21,"WAS vs. TOR","TOR","WAS",6
"682","Regular Season","2021-22",22100690,2022-01-21,"CHI @ MIL","MIL","CHI",7
"683","Regular Season","2021-22",22100691,2022-01-21,"SAS vs. BKN","BKN","SAS",8
"684","Regular Season","2021-22",22100692,2022-01-21,"MEM @ DEN","MEM","DEN",9
"685","Regular Season","2021-22",22100693,2022-01-21,"DET @ UTA","UTA","DET",10
"686","Regular Season","2021-22",22100694,2022-01-21,"GSW vs. HOU","GSW","HOU",11
"687","Regular Season","2021-22",22100695,2022-01-22,"OKC @ CLE","CLE","OKC",1
"688","Regular Season","2021-22",22100696,2022-01-22,"SAC @ MIL","MIL","SAC",2
"689","Regular Season","2021-22",22100697,2022-01-22,"IND @ PHX","PHX","IND",3
"690","Regular Season","2021-22",22100698,2022-01-23,"NYK vs. LAC","NYK","LAC",1
"691","Regular Season","2021-22",22100699,2022-01-23,"WAS vs. BOS","BOS","WAS",2
"692","Regular Season","2021-22",22100700,2022-01-23,"MIA vs. LAL","MIA","LAL",3
"693","Regular Season","2021-22",22100701,2022-01-23,"CHI @ ORL","ORL","CHI",4
"694","Regular Season","2021-22",22100702,2022-01-23,"TOR vs. POR","POR","TOR",5
"695","Regular Season","2021-22",22100703,2022-01-23,"ATL @ CHA","ATL","CHA",6
"696","Regular Season","2021-22",22100704,2022-01-23,"SAS vs. PHI","PHI","SAS",7
"697","Regular Season","2021-22",22100705,2022-01-23,"MEM @ DAL","DAL","MEM",8
"698","Regular Season","2021-22",22100706,2022-01-23,"BKN @ MIN","MIN","BKN",9
"699","Regular Season","2021-22",22100707,2022-01-23,"DEN vs. DET","DEN","DET",10
"700","Regular Season","2021-22",22100708,2022-01-23,"GSW vs. UTA","GSW","UTA",11
"701","Regular Season","2021-22",22100709,2022-01-24,"NYK @ CLE","CLE","NYK",1
"702","Regular Season","2021-22",22100712,2022-01-24,"IND @ NOP","NOP","IND",2
"703","Regular Season","2021-22",22100713,2022-01-24,"UTA @ PHX","PHX","UTA",3
"704","Regular Season","2021-22",22100730,2022-01-24,"OKC vs. CHI","CHI","OKC",4
"705","Regular Season","2021-22",22100454,2022-01-25,"PHI vs. NOP","PHI","NOP",1
"706","Regular Season","2021-22",22100714,2022-01-25,"DET vs. DEN","DEN","DET",2
"707","Regular Season","2021-22",22100715,2022-01-25,"CHA @ TOR","TOR","CHA",3
"708","Regular Season","2021-22",22100716,2022-01-25,"LAC @ WAS","LAC","WAS",4
"709","Regular Season","2021-22",22100717,2022-01-25,"BOS vs. SAC","BOS","SAC",5
"710","Regular Season","2021-22",22100718,2022-01-25,"BKN vs. LAL","LAL","BKN",6
"711","Regular Season","2021-22",22100719,2022-01-25,"HOU vs. SAS","SAS","HOU",7
"712","Regular Season","2021-22",22100720,2022-01-25,"DAL @ GSW","GSW","DAL",8
"713","Regular Season","2021-22",22100721,2022-01-25,"POR vs. MIN","MIN","POR",9
"714","Regular Season","2021-22",22100453,2022-01-26,"BKN vs. DEN","DEN","BKN",1
"715","Regular Season","2021-22",22100472,2022-01-26,"CHI vs. TOR","CHI","TOR",2
"716","Regular Season","2021-22",22100722,2022-01-26,"CLE vs. MIL","CLE","MIL",3
"717","Regular Season","2021-22",22100723,2022-01-26,"IND vs. CHA","CHA","IND",4
"718","Regular Season","2021-22",22100724,2022-01-26,"LAC @ ORL","LAC","ORL",5
"719","Regular Season","2021-22",22100725,2022-01-26,"SAC @ ATL","ATL","SAC",6
"720","Regular Season","2021-22",22100727,2022-01-26,"NYK @ MIA","MIA","NYK",7
"721","Regular Season","2021-22",22100728,2022-01-26,"MEM @ SAS","MEM","SAS",8
"722","Regular Season","2021-22",22100731,2022-01-26,"PHX @ UTA","PHX","UTA",9
"723","Regular Season","2021-22",22100732,2022-01-26,"DAL @ POR","DAL","POR",10
"724","Regular Season","2021-22",22100733,2022-01-27,"LAL @ PHI","PHI","LAL",1
"725","Regular Season","2021-22",22100734,2022-01-27,"GSW vs. MIN","GSW","MIN",2
"726","Regular Season","2021-22",22100729,2022-01-28,"DEN @ NOP","DEN","NOP",1
"727","Regular Season","2021-22",22100735,2022-01-28,"CHA vs. LAL","CHA","LAL",2
"728","Regular Season","2021-22",22100736,2022-01-28,"ORL vs. DET","ORL","DET",3
"729","Regular Season","2021-22",22100737,2022-01-28,"BOS @ ATL","ATL","BOS",4
"730","Regular Season","2021-22",22100738,2022-01-28,"LAC @ MIA","MIA","LAC",5
"731","Regular Season","2021-22",22100739,2022-01-28,"HOU vs. POR","POR","HOU",6
"732","Regular Season","2021-22",22100740,2022-01-28,"MEM vs. UTA","MEM","UTA",7
"733","Regular Season","2021-22",22100741,2022-01-28,"OKC vs. IND","IND","OKC",8
"734","Regular Season","2021-22",22100742,2022-01-28,"SAS vs. CHI","SAS","CHI",9
"735","Regular Season","2021-22",22100743,2022-01-28,"MIN @ PHX","PHX","MIN",10
"736","Regular Season","2021-22",22100744,2022-01-28,"NYK @ MIL","MIL","NYK",11
"737","Regular Season","2021-22",22100745,2022-01-29,"NOP vs. BOS","BOS","NOP",1
"738","Regular Season","2021-22",22100746,2022-01-29,"DAL vs. IND","DAL","IND",2
"739","Regular Season","2021-22",22100747,2022-01-29,"SAC @ PHI","PHI","SAC",3
"740","Regular Season","2021-22",22100748,2022-01-29,"MIA vs. TOR","TOR","MIA",4
"741","Regular Season","2021-22",22100749,2022-01-29,"WAS @ MEM","MEM","WAS",5
"742","Regular Season","2021-22",22100750,2022-01-29,"BKN @ GSW","GSW","BKN",6
"743","Regular Season","2021-22",22100751,2022-01-30,"LAL @ ATL","ATL","LAL",1
"744","Regular Season","2021-22",22100752,2022-01-30,"CHA vs. LAC","LAC","CHA",2
"745","Regular Season","2021-22",22100753,2022-01-30,"POR @ CHI","CHI","POR",3
"746","Regular Season","2021-22",22100754,2022-01-30,"DET vs. CLE","DET","CLE",4
"747","Regular Season","2021-22",22100755,2022-01-30,"ORL vs. DAL","ORL","DAL",5
"748","Regular Season","2021-22",22100756,2022-01-30,"MIL vs. DEN","DEN","MIL",6
"749","Regular Season","2021-22",22100757,2022-01-30,"MIN vs. UTA","MIN","UTA",7
"750","Regular Season","2021-22",22100758,2022-01-30,"PHX vs. SAS","PHX","SAS",8
"751","Regular Season","2021-22",22100759,2022-01-31,"NOP @ CLE","CLE","NOP",1
"752","Regular Season","2021-22",22100760,2022-01-31,"IND vs. LAC","IND","LAC",2
"753","Regular Season","2021-22",22100761,2022-01-31,"MEM @ PHI","PHI","MEM",3
"754","Regular Season","2021-22",22100762,2022-01-31,"BOS vs. MIA","BOS","MIA",4
"755","Regular Season","2021-22",22100763,2022-01-31,"SAC @ NYK","NYK","SAC",5
"756","Regular Season","2021-22",22100764,2022-01-31,"HOU vs. GSW","GSW","HOU",6
"757","Regular Season","2021-22",22100765,2022-01-31,"OKC vs. POR","OKC","POR",7
"758","Regular Season","2021-22",22100767,2022-01-31,"ATL vs. TOR","TOR","ATL",8
"759","Regular Season","2021-22",22100766,2022-02-01,"NOP @ DET","NOP","DET",1
"760","Regular Season","2021-22",22100768,2022-02-01,"MIL vs. WAS","MIL","WAS",2
"761","Regular Season","2021-22",22100769,2022-02-01,"CHI vs. ORL","CHI","ORL",3
"762","Regular Season","2021-22",22100770,2022-02-01,"MIN vs. DEN","MIN","DEN",4
"763","Regular Season","2021-22",22100771,2022-02-01,"SAS vs. GSW","GSW","SAS",5
"764","Regular Season","2021-22",22100772,2022-02-01,"PHX vs. BKN","PHX","BKN",6
"765","Regular Season","2021-22",22100784,2022-02-01,"MIA @ TOR","TOR","MIA",7
"766","Regular Season","2021-22",22100773,2022-02-02,"ORL @ IND","ORL","IND",1
"767","Regular Season","2021-22",22100774,2022-02-02,"PHI vs. WAS","WAS","PHI",2
"768","Regular Season","2021-22",22100775,2022-02-02,"CHA @ BOS","BOS","CHA",3
"769","Regular Season","2021-22",22100776,2022-02-02,"MEM @ NYK","MEM","NYK",4
"770","Regular Season","2021-22",22100777,2022-02-02,"CLE @ HOU","HOU","CLE",5
"771","Regular Season","2021-22",22100778,2022-02-02,"OKC @ DAL","OKC","DAL",6
"772","Regular Season","2021-22",22100779,2022-02-02,"UTA vs. DEN","UTA","DEN",7
"773","Regular Season","2021-22",22100780,2022-02-02,"BKN @ SAC","SAC","BKN",8
"774","Regular Season","2021-22",22100781,2022-02-02,"POR @ LAL","LAL","POR",9
"775","Regular Season","2021-22",22100430,2022-02-03,"CHI @ TOR","TOR","CHI",1
"776","Regular Season","2021-22",22100521,2022-02-03,"SAS vs. MIA","MIA","SAS",2
"777","Regular Season","2021-22",22100782,2022-02-03,"DET vs. MIN","MIN","DET",3
"778","Regular Season","2021-22",22100783,2022-02-03,"PHX @ ATL","ATL","PHX",4
"779","Regular Season","2021-22",22100785,2022-02-03,"SAC @ GSW","GSW","SAC",5
"780","Regular Season","2021-22",22100786,2022-02-03,"LAL @ LAC","LAC","LAL",6
"781","Regular Season","2021-22",22100787,2022-02-04,"CHA vs. CLE","CLE","CHA",1
"782","Regular Season","2021-22",22100788,2022-02-04,"BOS @ DET","BOS","DET",2
"783","Regular Season","2021-22",22100789,2022-02-04,"IND vs. CHI","CHI","IND",3
"784","Regular Season","2021-22",22100790,2022-02-04,"TOR vs. ATL","TOR","ATL",4
"785","Regular Season","2021-22",22100791,2022-02-04,"PHI @ DAL","DAL","PHI",5
"786","Regular Season","2021-22",22100792,2022-02-04,"SAS vs. HOU","SAS","HOU",6
"787","Regular Season","2021-22",22100793,2022-02-04,"UTA vs. BKN","UTA","BKN",7
"788","Regular Season","2021-22",22100794,2022-02-04,"NOP @ DEN","NOP","DEN",8
"789","Regular Season","2021-22",22100795,2022-02-04,"OKC @ POR","OKC","POR",9
"790","Regular Season","2021-22",22100796,2022-02-05,"ORL vs. MEM","MEM","ORL",1
"791","Regular Season","2021-22",22100797,2022-02-05,"CHA vs. MIA","MIA","CHA",2
"792","Regular Season","2021-22",22100798,2022-02-05,"PHX @ WAS","PHX","WAS",3
"793","Regular Season","2021-22",22100799,2022-02-05,"LAL vs. NYK","LAL","NYK",4
"794","Regular Season","2021-22",22100800,2022-02-05,"MIL @ POR","MIL","POR",5
"795","Regular Season","2021-22",22100801,2022-02-05,"OKC @ SAC","SAC","OKC",6
"796","Regular Season","2021-22",22100802,2022-02-06,"CHI vs. PHI","PHI","CHI",1
"797","Regular Season","2021-22",22100803,2022-02-06,"MIN vs. DET","MIN","DET",2
"798","Regular Season","2021-22",22100804,2022-02-06,"DEN vs. BKN","DEN","BKN",3
"799","Regular Season","2021-22",22100805,2022-02-06,"IND @ CLE","CLE","IND",4
"800","Regular Season","2021-22",22100806,2022-02-06,"ORL vs. BOS","BOS","ORL",5
"801","Regular Season","2021-22",22100807,2022-02-06,"ATL @ DAL","DAL","ATL",6
"802","Regular Season","2021-22",22100808,2022-02-06,"HOU vs. NOP","NOP","HOU",7
"803","Regular Season","2021-22",22100809,2022-02-06,"LAC vs. MIL","MIL","LAC",8
"804","Regular Season","2021-22",22100810,2022-02-07,"CHA vs. TOR","TOR","CHA",1
"805","Regular Season","2021-22",22100811,2022-02-07,"WAS vs. MIA","MIA","WAS",2
"806","Regular Season","2021-22",22100812,2022-02-07,"CHI vs. PHX","PHX","CHI",3
"807","Regular Season","2021-22",22100813,2022-02-07,"GSW @ OKC","GSW","OKC",4
"808","Regular Season","2021-22",22100814,2022-02-07,"NYK @ UTA","UTA","NYK",5
"809","Regular Season","2021-22",22100815,2022-02-08,"PHX @ PHI","PHX","PHI",1
"810","Regular Season","2021-22",22100816,2022-02-08,"ATL vs. IND","ATL","IND",2
"811","Regular Season","2021-22",22100817,2022-02-08,"BKN vs. BOS","BOS","BKN",3
"812","Regular Season","2021-22",22100818,2022-02-08,"LAC @ MEM","MEM","LAC",4
"813","Regular Season","2021-22",22100819,2022-02-08,"NOP vs. HOU","NOP","HOU",5
"814","Regular Season","2021-22",22100820,2022-02-08,"DAL vs. DET","DAL","DET",6
"815","Regular Season","2021-22",22100821,2022-02-08,"NYK @ DEN","DEN","NYK",7
"816","Regular Season","2021-22",22100822,2022-02-08,"MIL @ LAL","MIL","LAL",8
"817","Regular Season","2021-22",22100823,2022-02-08,"ORL @ POR","ORL","POR",9
"818","Regular Season","2021-22",22100824,2022-02-08,"SAC vs. MIN","MIN","SAC",10
"819","Regular Season","2021-22",22100825,2022-02-09,"CLE vs. SAS","CLE","SAS",1
"820","Regular Season","2021-22",22100826,2022-02-09,"CHA vs. CHI","CHI","CHA",2
"821","Regular Season","2021-22",22100827,2022-02-09,"TOR @ OKC","TOR","OKC",3
"822","Regular Season","2021-22",22100828,2022-02-09,"GSW @ UTA","UTA","GSW",4
"823","Regular Season","2021-22",22100829,2022-02-09,"LAL @ POR","POR","LAL",5
"824","Regular Season","2021-22",22100830,2022-02-09,"SAC vs. MIN","SAC","MIN",6
"825","Regular Season","2021-22",22100831,2022-02-10,"DET vs. MEM","MEM","DET",1
"826","Regular Season","2021-22",22100832,2022-02-10,"WAS vs. BKN","WAS","BKN",2
"827","Regular Season","2021-22",22100833,2022-02-10,"NOP vs. MIA","MIA","NOP",3
"828","Regular Season","2021-22",22100834,2022-02-10,"HOU vs. TOR","TOR","HOU",4
"829","Regular Season","2021-22",22100835,2022-02-10,"DAL vs. LAC","DAL","LAC",5
"830","Regular Season","2021-22",22100836,2022-02-10,"PHX vs. MIL","PHX","MIL",6
"831","Regular Season","2021-22",22100837,2022-02-10,"NYK @ GSW","NYK","GSW",7
"832","Regular Season","2021-22",22100838,2022-02-11,"CHA @ DET","CHA","DET",1
"833","Regular Season","2021-22",22100839,2022-02-11,"CLE @ IND","CLE","IND",2
"834","Regular Season","2021-22",22100840,2022-02-11,"OKC @ PHI","PHI","OKC",3
"835","Regular Season","2021-22",22100841,2022-02-11,"ATL vs. SAS","SAS","ATL",4
"836","Regular Season","2021-22",22100842,2022-02-11,"BOS vs. DEN","BOS","DEN",5
"837","Regular Season","2021-22",22100843,2022-02-11,"CHI vs. MIN","CHI","MIN",6
"838","Regular Season","2021-22",22100844,2022-02-11,"ORL @ UTA","UTA","ORL",7
"839","Regular Season","2021-22",22100845,2022-02-12,"POR vs. NYK","POR","NYK",1
"840","Regular Season","2021-22",22100846,2022-02-12,"CHA vs. MEM","MEM","CHA",2
"841","Regular Season","2021-22",22100847,2022-02-12,"SAC @ WAS","SAC","WAS",3
"842","Regular Season","2021-22",22100848,2022-02-12,"SAS @ NOP","SAS","NOP",4
"843","Regular Season","2021-22",22100849,2022-02-12,"CLE @ PHI","PHI","CLE",5
"844","Regular Season","2021-22",22100850,2022-02-12,"TOR vs. DEN","DEN","TOR",6
"845","Regular Season","2021-22",22100851,2022-02-12,"BKN @ MIA","MIA","BKN",7
"846","Regular Season","2021-22",22100852,2022-02-12,"OKC @ CHI","CHI","OKC",8
"847","Regular Season","2021-22",22100853,2022-02-12,"LAC @ DAL","LAC","DAL",9
"848","Regular Season","2021-22",22100854,2022-02-12,"LAL @ GSW","GSW","LAL",10
"849","Regular Season","2021-22",22100855,2022-02-12,"PHX vs. ORL","PHX","ORL",11
"850","Regular Season","2021-22",22100856,2022-02-13,"ATL @ BOS","BOS","ATL",1
"851","Regular Season","2021-22",22100857,2022-02-13,"IND vs. MIN","MIN","IND",2
"852","Regular Season","2021-22",22100858,2022-02-14,"DET @ WAS","WAS","DET",1
"853","Regular Season","2021-22",22100859,2022-02-14,"SAC @ BKN","BKN","SAC",2
"854","Regular Season","2021-22",22100860,2022-02-14,"NYK vs. OKC","OKC","NYK",3
"855","Regular Season","2021-22",22100861,2022-02-14,"CHI vs. SAS","CHI","SAS",4
"856","Regular Season","2021-22",22100862,2022-02-14,"POR @ MIL","POR","MIL",5
"857","Regular Season","2021-22",22100863,2022-02-14,"TOR @ NOP","NOP","TOR",6
"858","Regular Season","2021-22",22100864,2022-02-14,"DEN vs. ORL","DEN","ORL",7
"859","Regular Season","2021-22",22100865,2022-02-14,"UTA vs. HOU","UTA","HOU",8
"860","Regular Season","2021-22",22100866,2022-02-14,"GSW @ LAC","LAC","GSW",9
"861","Regular Season","2021-22",22100867,2022-02-15,"ATL vs. CLE","ATL","CLE",1
"862","Regular Season","2021-22",22100868,2022-02-15,"MIA vs. DAL","DAL","MIA",2
"863","Regular Season","2021-22",22100869,2022-02-15,"PHI vs. BOS","BOS","PHI",3
"864","Regular Season","2021-22",22100870,2022-02-15,"IND @ MIL","MIL","IND",4
"865","Regular Season","2021-22",22100871,2022-02-15,"MIN vs. CHA","MIN","CHA",5
"866","Regular Season","2021-22",22100872,2022-02-15,"NOP vs. MEM","MEM","NOP",6
"867","Regular Season","2021-22",22100873,2022-02-15,"PHX vs. LAC","PHX","LAC",7
"868","Regular Season","2021-22",22100874,2022-02-16,"ATL @ ORL","ATL","ORL",1
"869","Regular Season","2021-22",22100875,2022-02-16,"BOS vs. DET","DET","BOS",2
"870","Regular Season","2021-22",22100876,2022-02-16,"WAS @ IND","IND","WAS",3
"871","Regular Season","2021-22",22100877,2022-02-16,"NYK vs. BKN","BKN","NYK",4
"872","Regular Season","2021-22",22100878,2022-02-16,"CHI vs. SAC","CHI","SAC",5
"873","Regular Season","2021-22",22100879,2022-02-16,"POR @ MEM","POR","MEM",6
"874","Regular Season","2021-22",22100880,2022-02-16,"TOR @ MIN","TOR","MIN",7
"875","Regular Season","2021-22",22100881,2022-02-16,"SAS @ OKC","SAS","OKC",8
"876","Regular Season","2021-22",22100882,2022-02-16,"HOU @ PHX","PHX","HOU",9
"877","Regular Season","2021-22",22100883,2022-02-16,"GSW vs. DEN","DEN","GSW",10
"878","Regular Season","2021-22",22100884,2022-02-16,"LAL vs. UTA","LAL","UTA",11
"879","Regular Season","2021-22",22100464,2022-02-17,"WAS @ BKN","WAS","BKN",1
"880","Regular Season","2021-22",22100885,2022-02-17,"CHA vs. MIA","MIA","CHA",2
"881","Regular Season","2021-22",22100886,2022-02-17,"NOP vs. DAL","DAL","NOP",3
"882","Regular Season","2021-22",22100887,2022-02-17,"PHI @ MIL","PHI","MIL",4
"883","Regular Season","2021-22",22100888,2022-02-17,"HOU @ LAC","LAC","HOU",5
"884","Regular Season","2021-22",22100889,2022-02-24,"CLE @ DET","DET","CLE",1
"885","Regular Season","2021-22",22100890,2022-02-24,"BOS @ BKN","BOS","BKN",2
"886","Regular Season","2021-22",22100891,2022-02-24,"CHI vs. ATL","CHI","ATL",3
"887","Regular Season","2021-22",22100892,2022-02-24,"MIN vs. MEM","MIN","MEM",4
"888","Regular Season","2021-22",22100893,2022-02-24,"OKC vs. PHX","PHX","OKC",5
"889","Regular Season","2021-22",22100894,2022-02-24,"POR vs. GSW","GSW","POR",6
"890","Regular Season","2021-22",22100895,2022-02-24,"SAC vs. DEN","DEN","SAC",7
"891","Regular Season","2021-22",22100896,2022-02-25,"TOR @ CHA","CHA","TOR",1
"892","Regular Season","2021-22",22100897,2022-02-25,"IND vs. OKC","OKC","IND",2
"893","Regular Season","2021-22",22100898,2022-02-25,"ORL vs. HOU","ORL","HOU",3
"894","Regular Season","2021-22",22100899,2022-02-25,"SAS @ WAS","SAS","WAS",4
"895","Regular Season","2021-22",22100900,2022-02-25,"NYK vs. MIA","MIA","NYK",5
"896","Regular Season","2021-22",22100901,2022-02-25,"PHI @ MIN","PHI","MIN",6
"897","Regular Season","2021-22",22100902,2022-02-25,"PHX vs. NOP","NOP","PHX",7
"898","Regular Season","2021-22",22100903,2022-02-25,"UTA vs. DAL","UTA","DAL",8
"899","Regular Season","2021-22",22100904,2022-02-25,"LAC @ LAL","LAC","LAL",9
"900","Regular Season","2021-22",22100905,2022-02-26,"BOS @ DET","BOS","DET",1
"901","Regular Season","2021-22",22100906,2022-02-26,"TOR @ ATL","ATL","TOR",2
"902","Regular Season","2021-22",22100907,2022-02-26,"CLE vs. WAS","CLE","WAS",3
"903","Regular Season","2021-22",22100908,2022-02-26,"SAS @ MIA","MIA","SAS",4
"904","Regular Season","2021-22",22100909,2022-02-26,"CHI vs. MEM","MEM","CHI",5
"905","Regular Season","2021-22",22100910,2022-02-26,"MIL vs. BKN","BKN","MIL",6
"906","Regular Season","2021-22",22100911,2022-02-26,"SAC @ DEN","DEN","SAC",7
"907","Regular Season","2021-22",22100912,2022-02-27,"PHI @ NYK","PHI","NYK",1
"908","Regular Season","2021-22",22100913,2022-02-27,"UTA @ PHX","UTA","PHX",2
"909","Regular Season","2021-22",22100914,2022-02-27,"IND vs. BOS","IND","BOS",3
"910","Regular Season","2021-22",22100915,2022-02-27,"DET @ CHA","DET","CHA",4
"911","Regular Season","2021-22",22100916,2022-02-27,"HOU vs. LAC","LAC","HOU",5
"912","Regular Season","2021-22",22100917,2022-02-27,"DAL @ GSW","DAL","GSW",6
"913","Regular Season","2021-22",22100918,2022-02-27,"POR vs. DEN","DEN","POR",7
"914","Regular Season","2021-22",22100919,2022-02-27,"NOP @ LAL","NOP","LAL",8
"915","Regular Season","2021-22",22100726,2022-02-28,"BKN vs. TOR","TOR","BKN",1
"916","Regular Season","2021-22",22100920,2022-02-28,"MIN @ CLE","MIN","CLE",2
"917","Regular Season","2021-22",22100921,2022-02-28,"IND @ ORL","ORL","IND",3
"918","Regular Season","2021-22",22100922,2022-02-28,"MIA vs. CHI","MIA","CHI",4
"919","Regular Season","2021-22",22100923,2022-02-28,"SAS @ MEM","MEM","SAS",5
"920","Regular Season","2021-22",22100924,2022-02-28,"CHA @ MIL","MIL","CHA",6
"921","Regular Season","2021-22",22100925,2022-02-28,"OKC vs. SAC","SAC","OKC",7
"922","Regular Season","2021-22",22100926,2022-03-01,"DET @ WAS","WAS","DET",1
"923","Regular Season","2021-22",22100927,2022-03-01,"ATL @ BOS","BOS","ATL",2
"924","Regular Season","2021-22",22100928,2022-03-01,"TOR vs. BKN","TOR","BKN",3
"925","Regular Season","2021-22",22100929,2022-03-01,"LAC @ HOU","LAC","HOU",4
"926","Regular Season","2021-22",22100930,2022-03-01,"GSW @ MIN","MIN","GSW",5
"927","Regular Season","2021-22",22100931,2022-03-01,"LAL vs. DAL","DAL","LAL",6
"928","Regular Season","2021-22",22100932,2022-03-02,"CLE vs. CHA","CHA","CLE",1
"929","Regular Season","2021-22",22100933,2022-03-02,"ORL vs. IND","IND","ORL",2
"930","Regular Season","2021-22",22100934,2022-03-02,"PHI vs. NYK","PHI","NYK",3
"931","Regular Season","2021-22",22100935,2022-03-02,"HOU vs. UTA","UTA","HOU",4
"932","Regular Season","2021-22",22100936,2022-03-02,"MIL vs. MIA","MIL","MIA",5
"933","Regular Season","2021-22",22100937,2022-03-02,"SAC @ NOP","NOP","SAC",6
"934","Regular Season","2021-22",22100938,2022-03-02,"OKC @ DEN","OKC","DEN",7
"935","Regular Season","2021-22",22100939,2022-03-02,"POR @ PHX","PHX","POR",8
"936","Regular Season","2021-22",22100710,2022-03-03,"CHI @ ATL","ATL","CHI",1
"937","Regular Season","2021-22",22100940,2022-03-03,"MEM @ BOS","BOS","MEM",2
"938","Regular Season","2021-22",22100941,2022-03-03,"MIA @ BKN","MIA","BKN",3
"939","Regular Season","2021-22",22100942,2022-03-03,"TOR vs. DET","DET","TOR",4
"940","Regular Season","2021-22",22100943,2022-03-03,"GSW @ DAL","DAL","GSW",5
"941","Regular Season","2021-22",22100944,2022-03-03,"SAS vs. SAC","SAC","SAS",6
"942","Regular Season","2021-22",22100945,2022-03-03,"LAL @ LAC","LAC","LAL",7
"943","Regular Season","2021-22",22100458,2022-03-04,"TOR vs. ORL","ORL","TOR",1
"944","Regular Season","2021-22",22100946,2022-03-04,"IND @ DET","DET","IND",2
"945","Regular Season","2021-22",22100947,2022-03-04,"CLE @ PHI","PHI","CLE",3
"946","Regular Season","2021-22",22100948,2022-03-04,"ATL @ WAS","ATL","WAS",4
"947","Regular Season","2021-22",22100949,2022-03-04,"CHI vs. MIL","MIL","CHI",5
"948","Regular Season","2021-22",22100950,2022-03-04,"UTA @ NOP","NOP","UTA",6
"949","Regular Season","2021-22",22100951,2022-03-04,"MIN @ OKC","MIN","OKC",7
"950","Regular Season","2021-22",22100952,2022-03-04,"DEN vs. HOU","DEN","HOU",8
"951","Regular Season","2021-22",22100953,2022-03-04,"PHX vs. NYK","PHX","NYK",9
"952","Regular Season","2021-22",22100954,2022-03-05,"DAL vs. SAC","DAL","SAC",1
"953","Regular Season","2021-22",22100955,2022-03-05,"CHA vs. SAS","CHA","SAS",2
"954","Regular Season","2021-22",22100956,2022-03-05,"MIA vs. PHI","MIA","PHI",3
"955","Regular Season","2021-22",22100957,2022-03-05,"ORL @ MEM","MEM","ORL",4
"956","Regular Season","2021-22",22100958,2022-03-05,"POR @ MIN","MIN","POR",5
"957","Regular Season","2021-22",22100959,2022-03-05,"GSW @ LAL","LAL","GSW",6
"958","Regular Season","2021-22",22100960,2022-03-06,"BKN @ BOS","BOS","BKN",1
"959","Regular Season","2021-22",22100961,2022-03-06,"MIL vs. PHX","MIL","PHX",2
"960","Regular Season","2021-22",22100962,2022-03-06,"CLE vs. TOR","CLE","TOR",3
"961","Regular Season","2021-22",22100963,2022-03-06,"WAS vs. IND","WAS","IND",4
"962","Regular Season","2021-22",22100964,2022-03-06,"HOU vs. MEM","HOU","MEM",5
"963","Regular Season","2021-22",22100965,2022-03-06,"OKC vs. UTA","UTA","OKC",6
"964","Regular Season","2021-22",22100966,2022-03-06,"LAC vs. NYK","NYK","LAC",7
"965","Regular Season","2021-22",22100967,2022-03-06,"DEN vs. NOP","DEN","NOP",8
"966","Regular Season","2021-22",22100528,2022-03-07,"GSW @ DEN","DEN","GSW",1
"967","Regular Season","2021-22",22100968,2022-03-07,"ATL @ DET","DET","ATL",2
"968","Regular Season","2021-22",22100969,2022-03-07,"PHI vs. CHI","PHI","CHI",3
"969","Regular Season","2021-22",22100970,2022-03-07,"MIA vs. HOU","MIA","HOU",4
"970","Regular Season","2021-22",22100971,2022-03-07,"MIN vs. POR","MIN","POR",5
"971","Regular Season","2021-22",22100972,2022-03-07,"UTA @ DAL","DAL","UTA",6
"972","Regular Season","2021-22",22100973,2022-03-07,"SAS vs. LAL","SAS","LAL",7
"973","Regular Season","2021-22",22100974,2022-03-07,"NYK @ SAC","NYK","SAC",8
"974","Regular Season","2021-22",22100975,2022-03-08,"CHA vs. BKN","BKN","CHA",1
"975","Regular Season","2021-22",22100976,2022-03-08,"CLE @ IND","CLE","IND",2
"976","Regular Season","2021-22",22100977,2022-03-08,"ORL vs. PHX","PHX","ORL",3
"977","Regular Season","2021-22",22100978,2022-03-08,"NOP @ MEM","MEM","NOP",4
"978","Regular Season","2021-22",22100979,2022-03-08,"OKC vs. MIL","MIL","OKC",5
"979","Regular Season","2021-22",22100980,2022-03-08,"GSW vs. LAC","GSW","LAC",6
"980","Regular Season","2021-22",22100981,2022-03-09,"CHA vs. BOS","BOS","CHA",1
"981","Regular Season","2021-22",22100982,2022-03-09,"CHI @ DET","CHI","DET",2
"982","Regular Season","2021-22",22100983,2022-03-09,"PHX @ MIA","PHX","MIA",3
"983","Regular Season","2021-22",22100984,2022-03-09,"ATL @ MIL","MIL","ATL",4
"984","Regular Season","2021-22",22100985,2022-03-09,"LAL @ HOU","HOU","LAL",5
"985","Regular Season","2021-22",22100986,2022-03-09,"OKC @ MIN","MIN","OKC",6
"986","Regular Season","2021-22",22100987,2022-03-09,"ORL @ NOP","ORL","NOP",7
"987","Regular Season","2021-22",22100988,2022-03-09,"DAL vs. NYK","NYK","DAL",8
"988","Regular Season","2021-22",22100989,2022-03-09,"SAS vs. TOR","TOR","SAS",9
"989","Regular Season","2021-22",22100990,2022-03-09,"POR @ UTA","UTA","POR",10
"990","Regular Season","2021-22",22100991,2022-03-09,"DEN @ SAC","DEN","SAC",11
"991","Regular Season","2021-22",22100992,2022-03-09,"WAS @ LAC","LAC","WAS",12
"992","Regular Season","2021-22",22100993,2022-03-10,"PHI vs. BKN","BKN","PHI",1
"993","Regular Season","2021-22",22100994,2022-03-10,"GSW @ DEN","GSW","DEN",2
"994","Regular Season","2021-22",22100995,2022-03-11,"ORL vs. MIN","ORL","MIN",1
"995","Regular Season","2021-22",22100996,2022-03-11,"LAC @ ATL","ATL","LAC",2
"996","Regular Season","2021-22",22100997,2022-03-11,"DET @ BOS","BOS","DET",3
"997","Regular Season","2021-22",22100998,2022-03-11,"CLE @ MIA","MIA","CLE",4
"998","Regular Season","2021-22",22100999,2022-03-11,"HOU vs. DAL","DAL","HOU",5
"999","Regular Season","2021-22",22101000,2022-03-11,"NYK @ MEM","MEM","NYK",6
"1000","Regular Season","2021-22",22101001,2022-03-11,"NOP vs. CHA","CHA","NOP",7
"1001","Regular Season","2021-22",22101002,2022-03-11,"SAS vs. UTA","SAS","UTA",8
"1002","Regular Season","2021-22",22101003,2022-03-11,"PHX vs. TOR","TOR","PHX",9
"1003","Regular Season","2021-22",22101004,2022-03-11,"LAL vs. WAS","LAL","WAS",10
"1004","Regular Season","2021-22",22101005,2022-03-12,"MIN @ MIA","MIN","MIA",1
"1005","Regular Season","2021-22",22101006,2022-03-12,"CLE @ CHI","CHI","CLE",2
"1006","Regular Season","2021-22",22101007,2022-03-12,"IND @ SAS","IND","SAS",3
"1007","Regular Season","2021-22",22101008,2022-03-12,"GSW vs. MIL","GSW","MIL",4
"1008","Regular Season","2021-22",22101009,2022-03-12,"TOR @ DEN","TOR","DEN",5
"1009","Regular Season","2021-22",22101010,2022-03-12,"SAC @ UTA","UTA","SAC",6
"1010","Regular Season","2021-22",22101011,2022-03-12,"POR vs. WAS","POR","WAS",7
"1011","Regular Season","2021-22",22101012,2022-03-13,"BKN vs. NYK","BKN","NYK",1
"1012","Regular Season","2021-22",22101013,2022-03-13,"LAC @ DET","LAC","DET",2
"1013","Regular Season","2021-22",22101014,2022-03-13,"DAL @ BOS","DAL","BOS",3
"1014","Regular Season","2021-22",22101015,2022-03-13,"ORL vs. PHI","PHI","ORL",4
"1015","Regular Season","2021-22",22101016,2022-03-13,"ATL vs. IND","ATL","IND",5
"1016","Regular Season","2021-22",22101017,2022-03-13,"NOP vs. HOU","NOP","HOU",6
"1017","Regular Season","2021-22",22101018,2022-03-13,"MEM @ OKC","MEM","OKC",7
"1018","Regular Season","2021-22",22101019,2022-03-13,"PHX vs. LAL","PHX","LAL",8
"1019","Regular Season","2021-22",22101020,2022-03-14,"LAC @ CLE","CLE","LAC",1
"1020","Regular Season","2021-22",22101021,2022-03-14,"POR @ ATL","ATL","POR",2
"1021","Regular Season","2021-22",22101022,2022-03-14,"DEN @ PHI","DEN","PHI",3
"1022","Regular Season","2021-22",22101023,2022-03-14,"CHA @ OKC","CHA","OKC",4
"1023","Regular Season","2021-22",22101024,2022-03-14,"MIN @ SAS","MIN","SAS",5
"1024","Regular Season","2021-22",22101025,2022-03-14,"GSW vs. WAS","GSW","WAS",6
"1025","Regular Season","2021-22",22101026,2022-03-14,"SAC vs. CHI","SAC","CHI",7
"1026","Regular Season","2021-22",22101027,2022-03-14,"MIL @ UTA","MIL","UTA",8
"1027","Regular Season","2021-22",22101028,2022-03-14,"TOR @ LAL","TOR","LAL",9
"1028","Regular Season","2021-22",22101029,2022-03-15,"IND vs. MEM","MEM","IND",1
"1029","Regular Season","2021-22",22101030,2022-03-15,"BKN @ ORL","BKN","ORL",2
"1030","Regular Season","2021-22",22101031,2022-03-15,"MIA vs. DET","MIA","DET",3
"1031","Regular Season","2021-22",22101032,2022-03-15,"PHX @ NOP","PHX","NOP",4
"1032","Regular Season","2021-22",22101033,2022-03-16,"ATL @ CHA","CHA","ATL",1
"1033","Regular Season","2021-22",22101034,2022-03-16,"CLE vs. PHI","PHI","CLE",2
"1034","Regular Season","2021-22",22101035,2022-03-16,"WAS vs. DEN","DEN","WAS",3
"1035","Regular Season","2021-22",22101036,2022-03-16,"DAL @ BKN","DAL","BKN",4
"1036","Regular Season","2021-22",22101037,2022-03-16,"POR @ NYK","NYK","POR",5
"1037","Regular Season","2021-22",22101038,2022-03-16,"HOU vs. PHX","PHX","HOU",6
"1038","Regular Season","2021-22",22101039,2022-03-16,"MIN vs. LAL","MIN","LAL",7
"1039","Regular Season","2021-22",22101040,2022-03-16,"SAS vs. OKC","SAS","OKC",8
"1040","Regular Season","2021-22",22101041,2022-03-16,"CHI @ UTA","UTA","CHI",9
"1041","Regular Season","2021-22",22101042,2022-03-16,"BOS @ GSW","BOS","GSW",10
"1042","Regular Season","2021-22",22101043,2022-03-16,"SAC vs. MIL","MIL","SAC",11
"1043","Regular Season","2021-22",22101044,2022-03-16,"LAC vs. TOR","TOR","LAC",12
"1044","Regular Season","2021-22",22101045,2022-03-17,"ORL vs. DET","DET","ORL",1
"1045","Regular Season","2021-22",22101046,2022-03-18,"DAL @ PHI","PHI","DAL",1
"1046","Regular Season","2021-22",22101047,2022-03-18,"ATL vs. MEM","ATL","MEM",2
"1047","Regular Season","2021-22",22101048,2022-03-18,"BKN vs. POR","BKN","POR",3
"1048","Regular Season","2021-22",22101049,2022-03-18,"CLE vs. DEN","CLE","DEN",4
"1049","Regular Season","2021-22",22101050,2022-03-18,"NYK vs. WAS","NYK","WAS",5
"1050","Regular Season","2021-22",22101051,2022-03-18,"LAL @ TOR","LAL","TOR",6
"1051","Regular Season","2021-22",22101052,2022-03-18,"OKC @ MIA","MIA","OKC",7
"1052","Regular Season","2021-22",22101053,2022-03-18,"HOU vs. IND","IND","HOU",8
"1053","Regular Season","2021-22",22101054,2022-03-18,"SAS vs. NOP","NOP","SAS",9
"1054","Regular Season","2021-22",22101055,2022-03-18,"LAC @ UTA","UTA","LAC",10
"1055","Regular Season","2021-22",22101056,2022-03-18,"PHX vs. CHI","PHX","CHI",11
"1056","Regular Season","2021-22",22101057,2022-03-18,"BOS @ SAC","BOS","SAC",12
"1057","Regular Season","2021-22",22101058,2022-03-19,"MIN vs. MIL","MIN","MIL",1
"1058","Regular Season","2021-22",22101059,2022-03-19,"CHA vs. DAL","CHA","DAL",2
"1059","Regular Season","2021-22",22101060,2022-03-19,"CLE vs. DET","CLE","DET",3
"1060","Regular Season","2021-22",22101061,2022-03-19,"WAS vs. LAL","WAS","LAL",4
"1061","Regular Season","2021-22",22101062,2022-03-20,"IND vs. POR","IND","POR",1
"1062","Regular Season","2021-22",22101063,2022-03-20,"HOU vs. MEM","MEM","HOU",2
"1063","Regular Season","2021-22",22101064,2022-03-20,"ATL vs. NOP","NOP","ATL",3
"1064","Regular Season","2021-22",22101065,2022-03-20,"ORL vs. OKC","ORL","OKC",4
"1065","Regular Season","2021-22",22101066,2022-03-20,"PHX @ SAC","PHX","SAC",5
"1066","Regular Season","2021-22",22101067,2022-03-20,"NYK vs. UTA","UTA","NYK",6
"1067","Regular Season","2021-22",22101068,2022-03-20,"DEN vs. BOS","BOS","DEN",7
"1068","Regular Season","2021-22",22101069,2022-03-20,"TOR @ PHI","TOR","PHI",8
"1069","Regular Season","2021-22",22101070,2022-03-20,"GSW vs. SAS","SAS","GSW",9
"1070","Regular Season","2021-22",22101071,2022-03-21,"CHA vs. NOP","CHA","NOP",1
"1071","Regular Season","2021-22",22101072,2022-03-21,"CLE vs. LAL","LAL","CLE",2
"1072","Regular Season","2021-22",22101073,2022-03-21,"POR @ DET","POR","DET",3
"1073","Regular Season","2021-22",22101074,2022-03-21,"PHI vs. MIA","PHI","MIA",4
"1074","Regular Season","2021-22",22101075,2022-03-21,"BKN vs. UTA","BKN","UTA",5
"1075","Regular Season","2021-22",22101076,2022-03-21,"TOR @ CHI","CHI","TOR",6
"1076","Regular Season","2021-22",22101077,2022-03-21,"WAS @ HOU","HOU","WAS",7
"1077","Regular Season","2021-22",22101078,2022-03-21,"OKC vs. BOS","BOS","OKC",8
"1078","Regular Season","2021-22",22101079,2022-03-21,"MIN @ DAL","DAL","MIN",9
"1079","Regular Season","2021-22",22101080,2022-03-22,"ORL vs. GSW","ORL","GSW",1
"1080","Regular Season","2021-22",22101081,2022-03-22,"ATL @ NYK","ATL","NYK",2
"1081","Regular Season","2021-22",22101082,2022-03-22,"MIL vs. CHI","MIL","CHI",3
"1082","Regular Season","2021-22",22101083,2022-03-22,"LAC @ DEN","DEN","LAC",4
"1083","Regular Season","2021-22",22101084,2022-03-23,"CHA vs. NYK","NYK","CHA",1
"1084","Regular Season","2021-22",22101085,2022-03-23,"DET vs. ATL","DET","ATL",2
"1085","Regular Season","2021-22",22101086,2022-03-23,"SAC @ IND","SAC","IND",3
"1086","Regular Season","2021-22",22101087,2022-03-23,"UTA @ BOS","BOS","UTA",4
"1087","Regular Season","2021-22",22101088,2022-03-23,"MIA vs. GSW","GSW","MIA",5
"1088","Regular Season","2021-22",22101089,2022-03-23,"MEM vs. BKN","MEM","BKN",6
"1089","Regular Season","2021-22",22101090,2022-03-23,"PHX @ MIN","PHX","MIN",7
"1090","Regular Season","2021-22",22101091,2022-03-23,"ORL @ OKC","OKC","ORL",8
"1091","Regular Season","2021-22",22101092,2022-03-23,"HOU @ DAL","DAL","HOU",9
"1092","Regular Season","2021-22",22101093,2022-03-23,"PHI @ LAL","PHI","LAL",10
"1093","Regular Season","2021-22",22101094,2022-03-23,"SAS @ POR","SAS","POR",11
"1094","Regular Season","2021-22",22101095,2022-03-24,"CLE @ TOR","TOR","CLE",1
"1095","Regular Season","2021-22",22101096,2022-03-24,"IND @ MEM","MEM","IND",2
"1096","Regular Season","2021-22",22101097,2022-03-24,"MIL vs. WAS","MIL","WAS",3
"1097","Regular Season","2021-22",22101098,2022-03-24,"CHI @ NOP","NOP","CHI",4
"1098","Regular Season","2021-22",22101099,2022-03-24,"DEN vs. PHX","PHX","DEN",5
"1099","Regular Season","2021-22",22101100,2022-03-25,"CHA vs. UTA","CHA","UTA",1
"1100","Regular Season","2021-22",22101101,2022-03-25,"DET vs. WAS","WAS","DET",2
"1101","Regular Season","2021-22",22101102,2022-03-25,"GSW @ ATL","ATL","GSW",3
"1102","Regular Season","2021-22",22101103,2022-03-25,"MIA vs. NYK","NYK","MIA",4
"1103","Regular Season","2021-22",22101104,2022-03-25,"MIN vs. DAL","MIN","DAL",5
"1104","Regular Season","2021-22",22101105,2022-03-25,"POR vs. HOU","HOU","POR",6
"1105","Regular Season","2021-22",22101106,2022-03-25,"PHI @ LAC","PHI","LAC",7
"1106","Regular Season","2021-22",22101107,2022-03-26,"SAS @ NOP","SAS","NOP",1
"1107","Regular Season","2021-22",22101108,2022-03-26,"ORL vs. SAC","SAC","ORL",2
"1108","Regular Season","2021-22",22101109,2022-03-26,"IND @ TOR","TOR","IND",3
"1109","Regular Season","2021-22",22101110,2022-03-26,"CLE vs. CHI","CHI","CLE",4
"1110","Regular Season","2021-22",22101111,2022-03-26,"MIA vs. BKN","BKN","MIA",5
"1111","Regular Season","2021-22",22101112,2022-03-26,"MEM vs. MIL","MEM","MIL",6
"1112","Regular Season","2021-22",22101113,2022-03-26,"DEN vs. OKC","DEN","OKC",7
"1113","Regular Season","2021-22",22101114,2022-03-26,"HOU @ POR","HOU","POR",8
"1114","Regular Season","2021-22",22101115,2022-03-27,"NYK @ DET","NYK","DET",1
"1115","Regular Season","2021-22",22101116,2022-03-27,"BOS vs. MIN","BOS","MIN",2
"1116","Regular Season","2021-22",22101117,2022-03-27,"WAS vs. GSW","WAS","GSW",3
"1117","Regular Season","2021-22",22101118,2022-03-27,"PHI @ PHX","PHX","PHI",4
"1118","Regular Season","2021-22",22101119,2022-03-27,"NOP vs. LAL","NOP","LAL",5
"1119","Regular Season","2021-22",22101120,2022-03-27,"CHA @ BKN","CHA","BKN",6
"1120","Regular Season","2021-22",22101121,2022-03-27,"UTA @ DAL","DAL","UTA",7
"1121","Regular Season","2021-22",22101122,2022-03-28,"DEN @ CHA","DEN","CHA",1
"1122","Regular Season","2021-22",22101123,2022-03-28,"ORL @ CLE","CLE","ORL",2
"1123","Regular Season","2021-22",22101124,2022-03-28,"IND vs. ATL","ATL","IND",3
"1124","Regular Season","2021-22",22101125,2022-03-28,"SAC @ MIA","MIA","SAC",4
"1125","Regular Season","2021-22",22101126,2022-03-28,"CHI @ NYK","NYK","CHI",5
"1126","Regular Season","2021-22",22101127,2022-03-28,"TOR vs. BOS","TOR","BOS",6
"1127","Regular Season","2021-22",22101128,2022-03-28,"HOU vs. SAS","SAS","HOU",7
"1128","Regular Season","2021-22",22101129,2022-03-28,"GSW @ MEM","MEM","GSW",8
"1129","Regular Season","2021-22",22101130,2022-03-28,"OKC @ POR","OKC","POR",9
"1130","Regular Season","2021-22",22101131,2022-03-29,"PHI vs. MIL","MIL","PHI",1
"1131","Regular Season","2021-22",22101132,2022-03-29,"CHI @ WAS","CHI","WAS",2
"1132","Regular Season","2021-22",22101133,2022-03-29,"DET @ BKN","BKN","DET",3
"1133","Regular Season","2021-22",22101134,2022-03-29,"LAL @ DAL","DAL","LAL",4
"1134","Regular Season","2021-22",22101135,2022-03-29,"LAC vs. UTA","LAC","UTA",5
"1135","Regular Season","2021-22",22101136,2022-03-30,"DAL @ CLE","DAL","CLE",1
"1136","Regular Season","2021-22",22101137,2022-03-30,"DEN @ IND","DEN","IND",2
"1137","Regular Season","2021-22",22101138,2022-03-30,"ORL @ WAS","WAS","ORL",3
"1138","Regular Season","2021-22",22101139,2022-03-30,"BOS vs. MIA","MIA","BOS",4
"1139","Regular Season","2021-22",22101140,2022-03-30,"CHA @ NYK","CHA","NYK",5
"1140","Regular Season","2021-22",22101141,2022-03-30,"TOR vs. MIN","TOR","MIN",6
"1141","Regular Season","2021-22",22101142,2022-03-30,"HOU vs. SAC","SAC","HOU",7
"1142","Regular Season","2021-22",22101143,2022-03-30,"OKC vs. ATL","ATL","OKC",8
"1143","Regular Season","2021-22",22101144,2022-03-30,"SAS vs. MEM","MEM","SAS",9
"1144","Regular Season","2021-22",22101145,2022-03-30,"PHX @ GSW","PHX","GSW",10
"1145","Regular Season","2021-22",22101146,2022-03-30,"NOP @ POR","NOP","POR",11
"1146","Regular Season","2021-22",22100452,2022-03-31,"CLE @ ATL","ATL","CLE",1
"1147","Regular Season","2021-22",22101147,2022-03-31,"DET vs. PHI","DET","PHI",2
"1148","Regular Season","2021-22",22101148,2022-03-31,"MIL @ BKN","MIL","BKN",3
"1149","Regular Season","2021-22",22101149,2022-03-31,"CHI vs. LAC","CHI","LAC",4
"1150","Regular Season","2021-22",22101150,2022-03-31,"LAL @ UTA","UTA","LAL",5
"1151","Regular Season","2021-22",22101151,2022-04-01,"ORL vs. TOR","TOR","ORL",1
"1152","Regular Season","2021-22",22101152,2022-04-01,"DAL @ WAS","WAS","DAL",2
"1153","Regular Season","2021-22",22101153,2022-04-01,"IND @ BOS","BOS","IND",3
"1154","Regular Season","2021-22",22101154,2022-04-01,"HOU vs. SAC","SAC","HOU",4
"1155","Regular Season","2021-22",22101155,2022-04-01,"MEM vs. PHX","MEM","PHX",5
"1156","Regular Season","2021-22",22101156,2022-04-01,"MIL vs. LAC","LAC","MIL",6
"1157","Regular Season","2021-22",22101157,2022-04-01,"OKC vs. DET","DET","OKC",7
"1158","Regular Season","2021-22",22101158,2022-04-01,"SAS vs. POR","SAS","POR",8
"1159","Regular Season","2021-22",22101159,2022-04-01,"DEN vs. MIN","MIN","DEN",9
"1160","Regular Season","2021-22",22101160,2022-04-01,"NOP @ LAL","NOP","LAL",10
"1161","Regular Season","2021-22",22101161,2022-04-02,"PHI vs. CHA","PHI","CHA",1
"1162","Regular Season","2021-22",22101162,2022-04-02,"CLE @ NYK","CLE","NYK",2
"1163","Regular Season","2021-22",22101163,2022-04-02,"BKN @ ATL","ATL","BKN",3
"1164","Regular Season","2021-22",22101164,2022-04-02,"CHI vs. MIA","MIA","CHI",4
"1165","Regular Season","2021-22",22101165,2022-04-02,"UTA @ GSW","GSW","UTA",5
"1166","Regular Season","2021-22",22101166,2022-04-03,"BOS vs. WAS","BOS","WAS",1
"1167","Regular Season","2021-22",22101167,2022-04-03,"MIL vs. DAL","DAL","MIL",2
"1168","Regular Season","2021-22",22101168,2022-04-03,"DEN @ LAL","DEN","LAL",3
"1169","Regular Season","2021-22",22101169,2022-04-03,"IND vs. DET","DET","IND",4
"1170","Regular Season","2021-22",22101170,2022-04-03,"CLE vs. PHI","PHI","CLE",5
"1171","Regular Season","2021-22",22101171,2022-04-03,"ORL vs. NYK","NYK","ORL",6
"1172","Regular Season","2021-22",22101172,2022-04-03,"MIA @ TOR","MIA","TOR",7
"1173","Regular Season","2021-22",22101173,2022-04-03,"MIN @ HOU","MIN","HOU",8
"1174","Regular Season","2021-22",22101174,2022-04-03,"PHX @ OKC","OKC","PHX",9
"1175","Regular Season","2021-22",22101175,2022-04-03,"POR @ SAS","SAS","POR",10
"1176","Regular Season","2021-22",22101176,2022-04-03,"SAC vs. GSW","GSW","SAC",11
"1177","Regular Season","2021-22",22101177,2022-04-03,"LAC vs. NOP","LAC","NOP",12
"1178","Regular Season","2021-22",22101178,2022-04-05,"PHI @ IND","PHI","IND",1
"1179","Regular Season","2021-22",22101179,2022-04-05,"CLE @ ORL","ORL","CLE",2
"1180","Regular Season","2021-22",22101180,2022-04-05,"BKN vs. HOU","BKN","HOU",3
"1181","Regular Season","2021-22",22101181,2022-04-05,"CHA @ MIA","MIA","CHA",4
"1182","Regular Season","2021-22",22101182,2022-04-05,"ATL @ TOR","TOR","ATL",5
"1183","Regular Season","2021-22",22101183,2022-04-05,"CHI vs. MIL","MIL","CHI",6
"1184","Regular Season","2021-22",22101184,2022-04-05,"MIN vs. WAS","WAS","MIN",7
"1185","Regular Season","2021-22",22101185,2022-04-05,"OKC vs. POR","OKC","POR",8
"1186","Regular Season","2021-22",22101186,2022-04-05,"SAS @ DEN","SAS","DEN",9
"1187","Regular Season","2021-22",22101187,2022-04-05,"MEM @ UTA","UTA","MEM",10
"1188","Regular Season","2021-22",22101188,2022-04-05,"SAC vs. NOP","NOP","SAC",11
"1189","Regular Season","2021-22",22101189,2022-04-05,"PHX vs. LAL","PHX","LAL",12
"1190","Regular Season","2021-22",22101190,2022-04-06,"DAL @ DET","DAL","DET",1
"1191","Regular Season","2021-22",22101191,2022-04-06,"BKN @ NYK","BKN","NYK",2
"1192","Regular Season","2021-22",22101192,2022-04-06,"ATL vs. WAS","ATL","WAS",3
"1193","Regular Season","2021-22",22101193,2022-04-06,"BOS @ CHI","BOS","CHI",4
"1194","Regular Season","2021-22",22101194,2022-04-06,"OKC @ UTA","UTA","OKC",5
"1195","Regular Season","2021-22",22101195,2022-04-06,"LAC vs. PHX","LAC","PHX",6
"1196","Regular Season","2021-22",22101196,2022-04-07,"CHA vs. ORL","CHA","ORL",1
"1197","Regular Season","2021-22",22101197,2022-04-07,"PHI @ TOR","TOR","PHI",2
"1198","Regular Season","2021-22",22101198,2022-04-07,"MIL vs. BOS","MIL","BOS",3
"1199","Regular Season","2021-22",22101199,2022-04-07,"SAS @ MIN","MIN","SAS",4
"1200","Regular Season","2021-22",22101200,2022-04-07,"NOP vs. POR","NOP","POR",5
"1201","Regular Season","2021-22",22101201,2022-04-07,"MEM @ DEN","DEN","MEM",6
"1202","Regular Season","2021-22",22101202,2022-04-07,"GSW vs. LAL","GSW","LAL",7
"1203","Regular Season","2021-22",22101203,2022-04-08,"MIL @ DET","MIL","DET",1
"1204","Regular Season","2021-22",22101204,2022-04-08,"WAS vs. NYK","NYK","WAS",2
"1205","Regular Season","2021-22",22101205,2022-04-08,"BKN vs. CLE","BKN","CLE",3
"1206","Regular Season","2021-22",22101206,2022-04-08,"TOR vs. HOU","TOR","HOU",4
"1207","Regular Season","2021-22",22101207,2022-04-08,"ATL @ MIA","MIA","ATL",5
"1208","Regular Season","2021-22",22101208,2022-04-08,"CHA @ CHI","CHA","CHI",6
"1209","Regular Season","2021-22",22101209,2022-04-08,"POR @ DAL","DAL","POR",7
"1210","Regular Season","2021-22",22101210,2022-04-08,"PHX @ UTA","PHX","UTA",8
"1211","Regular Season","2021-22",22101211,2022-04-08,"LAL vs. OKC","LAL","OKC",9
"1212","Regular Season","2021-22",22101212,2022-04-09,"LAC vs. SAC","LAC","SAC",1
"1213","Regular Season","2021-22",22101213,2022-04-09,"NOP @ MEM","MEM","NOP",2
"1214","Regular Season","2021-22",22101214,2022-04-09,"PHI vs. IND","PHI","IND",3
"1215","Regular Season","2021-22",22101215,2022-04-09,"SAS vs. GSW","GSW","SAS",4
"1216","Regular Season","2021-22",22101216,2022-04-10,"BKN vs. IND","BKN","IND",1
"1217","Regular Season","2021-22",22101217,2022-04-10,"WAS @ CHA","CHA","WAS",2
"1218","Regular Season","2021-22",22101218,2022-04-10,"CLE vs. MIL","CLE","MIL",3
"1219","Regular Season","2021-22",22101219,2022-04-10,"DAL vs. SAS","DAL","SAS",4
"1220","Regular Season","2021-22",22101220,2022-04-10,"DEN vs. LAL","LAL","DEN",5
"1221","Regular Season","2021-22",22101221,2022-04-10,"ATL @ HOU","ATL","HOU",6
"1222","Regular Season","2021-22",22101222,2022-04-10,"LAC vs. OKC","LAC","OKC",7
"1223","Regular Season","2021-22",22101223,2022-04-10,"MEM vs. BOS","BOS","MEM",8
"1224","Regular Season","2021-22",22101224,2022-04-10,"CHI @ MIN","CHI","MIN",9
"1225","Regular Season","2021-22",22101225,2022-04-10,"NOP vs. GSW","GSW","NOP",10
"1226","Regular Season","2021-22",22101226,2022-04-10,"TOR @ NYK","NYK","TOR",11
"1227","Regular Season","2021-22",22101227,2022-04-10,"MIA @ ORL","ORL","MIA",12
"1228","Regular Season","2021-22",22101228,2022-04-10,"DET @ PHI","PHI","DET",13
"1229","Regular Season","2021-22",22101229,2022-04-10,"PHX vs. SAC","SAC","PHX",14
"1230","Regular Season","2021-22",22101230,2022-04-10,"POR vs. UTA","UTA","POR",15
